Workbook

Sheet Old Bow v2
A1: Player | B1: Trophies | C1: MVPs | D1: 4 Piece | E1: 5 Piece | F1: 6 Piece | G1: 7 Piece | H1: Kills | I1: Avg. Kills | J1: Median Kills | K1: Highest Single Game Kills | L1: Match Wins | M1: Match Losses | N1: Match % | O1: Map Wins | P1: Map Losses | Q1: Map % | R1: Round Wins | S1: Round Losses | T1: Round % | U1: Airport 1 | V1: Airport 2 | W1: Carnival | X1: Close Quarters | Y1: CSL | Z1: Garage | AA1: Import / Export | AB1: Meat Factory | AC1: Old City | AD1: Parkade | AE1: Peaks | AF1: Presidio | AG1: Scharins | AH1: Training | AI1: Trainyard | AJ1: Warehouse
A2: 10thLetter | B2: - | C2: - | H2: =SUMIFS('OB History'!C:C,'OB History'!B:B,A2) -> 2 | I2: =AVERAGEIFS('OB History'!C:C,'OB History'!B:B,A2) -> 2 | J2: {=MEDIAN(IF('OB History'!B:B=A2, 'OB History'!C:C))} -> 2 | K2: {=MAX(IF('OB History'!B:B=A2, 'OB History'!C:C))} -> 2 | L2: =COUNTIFS('OB History'!B:B,A2,'OB History'!D:D, 1) -> 1 | M2: =COUNTIFS('OB History'!B:B,A2,'OB History'!D:D, 0) -> 0 | N2: =LOOKUP(2, 1/('OB History'!$B:$B=A2), 'OB History'!$AD:$AD) -> 1 | O2: =SUMIFS('OB History'!F:F,'OB History'!B:B,A2) -> 3 | P2: =SUMIFS('OB History'!E:E,'OB History'!B:B,A2)-O2 -> 2 | Q2: =LOOKUP(2, 1/('OB History'!$B:$B=A2), 'OB History'!$AB:$AB) -> 0.6 | R2: =SUMIFS('OB History'!H:H,'OB History'!B:B,A2) -> 14 | S2: =SUMIFS('OB History'!G:G,'OB History'!B:B,A2)-R2 -> 6 | T2: =LOOKUP(2, 1/('OB History'!$B:$B=A2), 'OB History'!$AC:$AC) -> 0.7 | U2: =COUNTIFS('OB History'!$B:$B,$A$2,'OB History'!K:K, 1) -> 0 | V2: =COUNTIFS('OB History'!$B:$B,$A$2,'OB History'!L:L, 1) -> 0 | W2: =COUNTIFS('OB History'!$B:$B,$A$2,'OB History'!M:M, 1) -> 0 | X2: =COUNTIFS('OB History'!$B:$B,$A$2,'OB History'!N:N, 1) -> 1 | Y2: =COUNTIFS('OB History'!$B:$B,$A$2,'OB History'!O:O, 1) -> 0 | Z2: =COUNTIFS('OB History'!$B:$B,$A$2,'OB History'!P:P, 1) -> 0 | AA2: =COUNTIFS('OB History'!$B:$B,$A$2,'OB History'!Q:Q, 1) -> 0 | AB2: =COUNTIFS('OB History'!$B:$B,$A$2,'OB History'!R:R, 1) -> 0 | AC2: =COUNTIFS('OB History'!$B:$B,$A$2,'OB History'!S:S, 1) -> 0 | AD2: =COUNTIFS('OB History'!$B:$B,$A$2,'OB History'!T:T, 1) -> 0 | AE2: =COUNTIFS('OB History'!$B:$B,$A$2,'OB History'!U:U, 1) -> 0 | AF2: =COUNTIFS('OB History'!$B:$B,$A$2,'OB History'!V:V, 1) -> 0 | AG2: =COUNTIFS('OB History'!$B:$B,$A$2,'OB History'!W:W, 1) -> 0 | AH2: =COUNTIFS('OB History'!$B:$B,$A$2,'OB History'!X:X, 1) -> 1 | AI2: =COUNTIFS('OB History'!$B:$B,$A$2,'OB History'!Y:Y, 1) -> 0 | AJ2: =COUNTIFS('OB History'!$B:$B,$A$2,'OB History'!Z:Z, 1) -> 1
A3: AftaShock | B3: 🏆 | C3: - | D3: 1 | H3: =SUMIFS('OB History'!C:C,'OB History'!B:B,A3) -> 395 | I3: =AVERAGEIFS('OB History'!C:C,'OB History'!B:B,A3) -> 11.969697 | J3: {=MEDIAN(IF('OB History'!B:B=A3, 'OB History'!C:C))} -> 10 | K3: {=MAX(IF('OB History'!B:B=A3, 'OB History'!C:C))} -> 35 | L3: =COUNTIFS('OB History'!B:B,A3,'OB History'!D:D, 1) -> 16 | M3: =COUNTIFS('OB History'!B:B,A3,'OB History'!D:D, 0) -> 17 | N3: =LOOKUP(2, 1/('OB History'!$B:$B=A3), 'OB History'!$AD:$AD) -> 0.48484848 | O3: =SUMIFS('OB History'!F:F,'OB History'!B:B,A3) -> 61 | P3: =SUMIFS('OB History'!E:E,'OB History'!B:B,A3)-O3 -> 69 | Q3: =LOOKUP(2, 1/('OB History'!$B:$B=A3), 'OB History'!$AB:$AB) -> 0.4530303 | R3: =SUMIFS('OB History'!H:H,'OB History'!B:B,A3) -> 262 | S3: =SUMIFS('OB History'!G:G,'OB History'!B:B,A3)-R3 -> 280 | T3: =LOOKUP(2, 1/('OB History'!$B:$B=A3), 'OB History'!$AC:$AC) -> 0.47454545 | U3: =COUNTIFS('OB History'!$B:$B,$A$3,'OB History'!K:K, 1) -> 4 | V3: =COUNTIFS('OB History'!$B:$B,$A$3,'OB History'!L:L, 1) -> 7 | W3: =COUNTIFS('OB History'!$B:$B,$A$3,'OB History'!M:M, 1) -> 4 | X3: =COUNTIFS('OB History'!$B:$B,$A$3,'OB History'!N:N, 1) -> 10 | Y3: =COUNTIFS('OB History'!$B:$B,$A$3,'OB History'!O:O, 1) -> 1 | Z3: =COUNTIFS('OB History'!$B:$B,$A$3,'OB History'!P:P, 1) -> 3 | AA3: =COUNTIFS('OB History'!$B:$B,$A$3,'OB History'!Q:Q, 1) -> 1 | AB3: =COUNTIFS('OB History'!$B:$B,$A$3,'OB History'!R:R, 1) -> 2 | AC3: =COUNTIFS('OB History'!$B:$B,$A$3,'OB History'!S:S, 1) -> 1 | AD3: =COUNTIFS('OB History'!$B:$B,$A$3,'OB History'!T:T, 1) -> 0 | AE3: =COUNTIFS('OB History'!$B:$B,$A$3,'OB History'!U:U, 1) -> 1 | AF3: =COUNTIFS('OB History'!$B:$B,$A$3,'OB History'!V:V, 1) -> 1 | AG3: =COUNTIFS('OB History'!$B:$B,$A$3,'OB History'!W:W, 1) -> 2 | AH3: =COUNTIFS('OB History'!$B:$B,$A$3,'OB History'!X:X, 1) -> 6 | AI3: =COUNTIFS('OB History'!$B:$B,$A$3,'OB History'!Y:Y, 1) -> 8 | AJ3: =COUNTIFS('OB History'!$B:$B,$A$3,'OB History'!Z:Z, 1) -> 10
A4: Agile | B4: - | C4: - | D4: 1 | H4: =SUMIFS('OB History'!C:C,'OB History'!B:B,A4) -> 622 | I4: =AVERAGEIFS('OB History'!C:C,'OB History'!B:B,A4) -> 11.107143 | J4: {=MEDIAN(IF('OB History'!B:B=A4, 'OB History'!C:C))} -> 11 | K4: {=MAX(IF('OB History'!B:B=A4, 'OB History'!C:C))} -> 25 | L4: =COUNTIFS('OB History'!B:B,A4,'OB History'!D:D, 1) -> 26 | M4: =COUNTIFS('OB History'!B:B,A4,'OB History'!D:D, 0) -> 30 | N4: =LOOKUP(2, 1/('OB History'!$B:$B=A4), 'OB History'!$AD:$AD) -> 0.46428571 | O4: =SUMIFS('OB History'!F:F,'OB History'!B:B,A4) -> 112 | P4: =SUMIFS('OB History'!E:E,'OB History'!B:B,A4)-O4 -> 116 | Q4: =LOOKUP(2, 1/('OB History'!$B:$B=A4), 'OB History'!$AB:$AB) -> 0.5 | R4: =SUMIFS('OB History'!H:H,'OB History'!B:B,A4) -> 470 | S4: =SUMIFS('OB History'!G:G,'OB History'!B:B,A4)-R4 -> 482 | T4: =LOOKUP(2, 1/('OB History'!$B:$B=A4), 'OB History'!$AC:$AC) -> 0.5 | U4: =COUNTIFS('OB History'!$B:$B,$A$4,'OB History'!K:K, 1) -> 9 | V4: =COUNTIFS('OB History'!$B:$B,$A$4,'OB History'!L:L, 1) -> 7 | W4: =COUNTIFS('OB History'!$B:$B,$A$4,'OB History'!M:M, 1) -> 4 | X4: =COUNTIFS('OB History'!$B:$B,$A$4,'OB History'!N:N, 1) -> 14 | Y4: =COUNTIFS('OB History'!$B:$B,$A$4,'OB History'!O:O, 1) -> 1 | Z4: =COUNTIFS('OB History'!$B:$B,$A$4,'OB History'!P:P, 1) -> 7 | AA4: =COUNTIFS('OB History'!$B:$B,$A$4,'OB History'!Q:Q, 1) -> 4 | AB4: =COUNTIFS('OB History'!$B:$B,$A$4,'OB History'!R:R, 1) -> 6 | AC4: =COUNTIFS('OB History'!$B:$B,$A$4,'OB History'!S:S, 1) -> 2 | AD4: =COUNTIFS('OB History'!$B:$B,$A$4,'OB History'!T:T, 1) -> 1 | AE4: =COUNTIFS('OB History'!$B:$B,$A$4,'OB History'!U:U, 1) -> 0 | AF4: =COUNTIFS('OB History'!$B:$B,$A$4,'OB History'!V:V, 1) -> 2 | AG4: =COUNTIFS('OB History'!$B:$B,$A$4,'OB History'!W:W, 1) -> 10 | AH4: =COUNTIFS('OB History'!$B:$B,$A$4,'OB History'!X:X, 1) -> 15 | AI4: =COUNTIFS('OB History'!$B:$B,$A$4,'OB History'!Y:Y, 1) -> 18 | AJ4: =COUNTIFS('OB History'!$B:$B,$A$4,'OB History'!Z:Z, 1) -> 12
A5: AJ | B5: - | C5: - | D5: 7 | E5: 1 | H5: =SUMIFS('OB History'!C:C,'OB History'!B:B,A5) -> 1211 | I5: =AVERAGEIFS('OB History'!C:C,'OB History'!B:B,A5) -> 19.532258 | J5: {=MEDIAN(IF('OB History'!B:B=A5, 'OB History'!C:C))} -> 19 | K5: {=MAX(IF('OB History'!B:B=A5, 'OB History'!C:C))} -> 36 | L5: =COUNTIFS('OB History'!B:B,A5,'OB History'!D:D, 1) -> 31 | M5: =COUNTIFS('OB History'!B:B,A5,'OB History'!D:D, 0) -> 31 | N5: =LOOKUP(2, 1/('OB History'!$B:$B=A5), 'OB History'!$AD:$AD) -> 0.5 | O5: =SUMIFS('OB History'!F:F,'OB History'!B:B,A5) -> 119 | P5: =SUMIFS('OB History'!E:E,'OB History'!B:B,A5)-O5 -> 128 | Q5: =LOOKUP(2, 1/('OB History'!$B:$B=A5), 'OB History'!$AB:$AB) -> 0.47548387 | R5: =SUMIFS('OB History'!H:H,'OB History'!B:B,A5) -> 490 | S5: =SUMIFS('OB History'!G:G,'OB History'!B:B,A5)-R5 -> 518 | T5: =LOOKUP(2, 1/('OB History'!$B:$B=A5), 'OB History'!$AC:$AC) -> 0.48274194 | U5: =COUNTIFS('OB History'!$B:$B,$A$5,'OB History'!K:K, 1) -> 10 | V5: =COUNTIFS('OB History'!$B:$B,$A$5,'OB History'!L:L, 1) -> 8 | W5: =COUNTIFS('OB History'!$B:$B,$A$5,'OB History'!M:M, 1) -> 4 | X5: =COUNTIFS('OB History'!$B:$B,$A$5,'OB History'!N:N, 1) -> 14 | Y5: =COUNTIFS('OB History'!$B:$B,$A$5,'OB History'!O:O, 1) -> 5 | Z5: =COUNTIFS('OB History'!$B:$B,$A$5,'OB History'!P:P, 1) -> 9 | AA5: =COUNTIFS('OB History'!$B:$B,$A$5,'OB History'!Q:Q, 1) -> 1 | AB5: =COUNTIFS('OB History'!$B:$B,$A$5,'OB History'!R:R, 1) -> 4 | AC5: =COUNTIFS('OB History'!$B:$B,$A$5,'OB History'!S:S, 1) -> 1 | AD5: =COUNTIFS('OB History'!$B:$B,$A$5,'OB History'!T:T, 1) -> 3 | AE5: =COUNTIFS('OB History'!$B:$B,$A$5,'OB History'!U:U, 1) -> 0 | AF5: =COUNTIFS('OB History'!$B:$B,$A$5,'OB History'!V:V, 1) -> 1 | AG5: =COUNTIFS('OB History'!$B:$B,$A$5,'OB History'!W:W, 1) -> 4 | AH5: =COUNTIFS('OB History'!$B:$B,$A$5,'OB History'!X:X, 1) -> 16 | AI5: =COUNTIFS('OB History'!$B:$B,$A$5,'OB History'!Y:Y, 1) -> 15 | AJ5: =COUNTIFS('OB History'!$B:$B,$A$5,'OB History'!Z:Z, 1) -> 24
A6: Bearded | B6: - | C6: - | D6: 1 | H6: =SUMIFS('OB History'!C:C,'OB History'!B:B,A6) -> 125 | I6: =AVERAGEIFS('OB History'!C:C,'OB History'!B:B,A6) -> 10.416667 | J6: {=MEDIAN(IF('OB History'!B:B=A6, 'OB History'!C:C))} -> 10.5 | K6: {=MAX(IF('OB History'!B:B=A6, 'OB History'!C:C))} -> 19 | L6: =COUNTIFS('OB History'!B:B,A6,'OB History'!D:D, 1) -> 6 | M6: =COUNTIFS('OB History'!B:B,A6,'OB History'!D:D, 0) -> 6 | N6: =LOOKUP(2, 1/('OB History'!$B:$B=A6), 'OB History'!$AD:$AD) -> 0.5 | O6: =SUMIFS('OB History'!F:F,'OB History'!B:B,A6) -> 28 | P6: =SUMIFS('OB History'!E:E,'OB History'!B:B,A6)-O6 -> 25 | Q6: =LOOKUP(2, 1/('OB History'!$B:$B=A6), 'OB History'!$AB:$AB) -> 0.54583333 | R6: =SUMIFS('OB History'!H:H,'OB History'!B:B,A6) -> 117 | S6: =SUMIFS('OB History'!G:G,'OB History'!B:B,A6)-R6 -> 104 | T6: =LOOKUP(2, 1/('OB History'!$B:$B=A6), 'OB History'!$AC:$AC) -> 0.54166667 | U6: =COUNTIFS('OB History'!$B:$B,$A$6,'OB History'!K:K, 1) -> 3 | V6: =COUNTIFS('OB History'!$B:$B,$A$6,'OB History'!L:L, 1) -> 2 | W6: =COUNTIFS('OB History'!$B:$B,$A$6,'OB History'!M:M, 1) -> 0 | X6: =COUNTIFS('OB History'!$B:$B,$A$6,'OB History'!N:N, 1) -> 4 | Y6: =COUNTIFS('OB History'!$B:$B,$A$6,'OB History'!O:O, 1) -> 0 | Z6: =COUNTIFS('OB History'!$B:$B,$A$6,'OB History'!P:P, 1) -> 1 | AA6: =COUNTIFS('OB History'!$B:$B,$A$6,'OB History'!Q:Q, 1) -> 0 | AB6: =COUNTIFS('OB History'!$B:$B,$A$6,'OB History'!R:R, 1) -> 2 | AC6: =COUNTIFS('OB History'!$B:$B,$A$6,'OB History'!S:S, 1) -> 0 | AD6: =COUNTIFS('OB History'!$B:$B,$A$6,'OB History'!T:T, 1) -> 0 | AE6: =COUNTIFS('OB History'!$B:$B,$A$6,'OB History'!U:U, 1) -> 0 | AF6: =COUNTIFS('OB History'!$B:$B,$A$6,'OB History'!V:V, 1) -> 0 | AG6: =COUNTIFS('OB History'!$B:$B,$A$6,'OB History'!W:W, 1) -> 3 | AH6: =COUNTIFS('OB History'!$B:$B,$A$6,'OB History'!X:X, 1) -> 4 | AI6: =COUNTIFS('OB History'!$B:$B,$A$6,'OB History'!Y:Y, 1) -> 4 | AJ6: =COUNTIFS('OB History'!$B:$B,$A$6,'OB History'!Z:Z, 1) -> 4
A7: BelievedKiller | B7: - | C7: - | H7: =SUMIFS('OB History'!C:C,'OB History'!B:B,A7) -> 10 | I7: =AVERAGEIFS('OB History'!C:C,'OB History'!B:B,A7) -> 5 | J7: {=MEDIAN(IF('OB History'!B:B=A7, 'OB History'!C:C))} -> 5 | K7: {=MAX(IF('OB History'!B:B=A7, 'OB History'!C:C))} -> 5 | L7: =COUNTIFS('OB History'!B:B,A7,'OB History'!D:D, 1) -> 0 | M7: =COUNTIFS('OB History'!B:B,A7,'OB History'!D:D, 0) -> 2 | N7: =LOOKUP(2, 1/('OB History'!$B:$B=A7), 'OB History'!$AD:$AD) -> 0 | O7: =SUMIFS('OB History'!F:F,'OB History'!B:B,A7) -> 3 | P7: =SUMIFS('OB History'!E:E,'OB History'!B:B,A7)-O7 -> 6 | Q7: =LOOKUP(2, 1/('OB History'!$B:$B=A7), 'OB History'!$AB:$AB) -> 0.325 | R7: =SUMIFS('OB History'!H:H,'OB History'!B:B,A7) -> 14 | S7: =SUMIFS('OB History'!G:G,'OB History'!B:B,A7)-R7 -> 22 | T7: =LOOKUP(2, 1/('OB History'!$B:$B=A7), 'OB History'!$AC:$AC) -> 0.39 | U7: =COUNTIFS('OB History'!$B:$B,$A$7,'OB History'!K:K, 1) -> 0 | V7: =COUNTIFS('OB History'!$B:$B,$A$7,'OB History'!L:L, 1) -> 0 | W7: =COUNTIFS('OB History'!$B:$B,$A$7,'OB History'!M:M, 1) -> 0 | X7: =COUNTIFS('OB History'!$B:$B,$A$7,'OB History'!N:N, 1) -> 0 | Y7: =COUNTIFS('OB History'!$B:$B,$A$7,'OB History'!O:O, 1) -> 1 | Z7: =COUNTIFS('OB History'!$B:$B,$A$7,'OB History'!P:P, 1) -> 0 | AA7: =COUNTIFS('OB History'!$B:$B,$A$7,'OB History'!Q:Q, 1) -> 0 | AB7: =COUNTIFS('OB History'!$B:$B,$A$7,'OB History'!R:R, 1) -> 1 | AC7: =COUNTIFS('OB History'!$B:$B,$A$7,'OB History'!S:S, 1) -> 0 | AD7: =COUNTIFS('OB History'!$B:$B,$A$7,'OB History'!T:T, 1) -> 0 | AE7: =COUNTIFS('OB History'!$B:$B,$A$7,'OB History'!U:U, 1) -> 0 | AF7: =COUNTIFS('OB History'!$B:$B,$A$7,'OB History'!V:V, 1) -> 0 | AG7: =COUNTIFS('OB History'!$B:$B,$A$7,'OB History'!W:W, 1) -> 0 | AH7: =COUNTIFS('OB History'!$B:$B,$A$7,'OB History'!X:X, 1) -> 0 | AI7: =COUNTIFS('OB History'!$B:$B,$A$7,'OB History'!Y:Y, 1) -> 1 | AJ7: =COUNTIFS('OB History'!$B:$B,$A$7,'OB History'!Z:Z, 1) -> 0
A8: Broken | B8: 🏆 | C8: 👑 | D8: 3 | E8: 2 | H8: =SUMIFS('OB History'!C:C,'OB History'!B:B,A8) -> 668 | I8: =AVERAGEIFS('OB History'!C:C,'OB History'!B:B,A8) -> 19.647059 | J8: {=MEDIAN(IF('OB History'!B:B=A8, 'OB History'!C:C))} -> 19 | K8: {=MAX(IF('OB History'!B:B=A8, 'OB History'!C:C))} -> 37 | L8: =COUNTIFS('OB History'!B:B,A8,'OB History'!D:D, 1) -> 24 | M8: =COUNTIFS('OB History'!B:B,A8,'OB History'!D:D, 0) -> 10 | N8: =LOOKUP(2, 1/('OB History'!$B:$B=A8), 'OB History'!$AD:$AD) -> 0.70588235 | O8: =SUMIFS('OB History'!F:F,'OB History'!B:B,A8) -> 84 | P8: =SUMIFS('OB History'!E:E,'OB History'!B:B,A8)-O8 -> 58 | Q8: =LOOKUP(2, 1/('OB History'!$B:$B=A8), 'OB History'!$AB:$AB) -> 0.59911765 | R8: =SUMIFS('OB History'!H:H,'OB History'!B:B,A8) -> 314 | S8: =SUMIFS('OB History'!G:G,'OB History'!B:B,A8)-R8 -> 272 | T8: =LOOKUP(2, 1/('OB History'!$B:$B=A8), 'OB History'!$AC:$AC) -> 0.54529412 | U8: =COUNTIFS('OB History'!$B:$B,$A$8,'OB History'!K:K, 1) -> 9 | V8: =COUNTIFS('OB History'!$B:$B,$A$8,'OB History'!L:L, 1) -> 9 | W8: =COUNTIFS('OB History'!$B:$B,$A$8,'OB History'!M:M, 1) -> 4 | X8: =COUNTIFS('OB History'!$B:$B,$A$8,'OB History'!N:N, 1) -> 5 | Y8: =COUNTIFS('OB History'!$B:$B,$A$8,'OB History'!O:O, 1) -> 7 | Z8: =COUNTIFS('OB History'!$B:$B,$A$8,'OB History'!P:P, 1) -> 4 | AA8: =COUNTIFS('OB History'!$B:$B,$A$8,'OB History'!Q:Q, 1) -> 1 | AB8: =COUNTIFS('OB History'!$B:$B,$A$8,'OB History'!R:R, 1) -> 3 | AC8: =COUNTIFS('OB History'!$B:$B,$A$8,'OB History'!S:S, 1) -> 0 | AD8: =COUNTIFS('OB History'!$B:$B,$A$8,'OB History'!T:T, 1) -> 1 | AE8: =COUNTIFS('OB History'!$B:$B,$A$8,'OB History'!U:U, 1) -> 1 | AF8: =COUNTIFS('OB History'!$B:$B,$A$8,'OB History'!V:V, 1) -> 1 | AG8: =COUNTIFS('OB History'!$B:$B,$A$8,'OB History'!W:W, 1) -> 3 | AH8: =COUNTIFS('OB History'!$B:$B,$A$8,'OB History'!X:X, 1) -> 11 | AI8: =COUNTIFS('OB History'!$B:$B,$A$8,'OB History'!Y:Y, 1) -> 12 | AJ8: =COUNTIFS('OB History'!$B:$B,$A$8,'OB History'!Z:Z, 1) -> 10
A9: Budden | B9: - | C9: - | H9: =SUMIFS('OB History'!C:C,'OB History'!B:B,A9) -> 192 | I9: =AVERAGEIFS('OB History'!C:C,'OB History'!B:B,A9) -> 12 | J9: {=MEDIAN(IF('OB History'!B:B=A9, 'OB History'!C:C))} -> 11.5 | K9: {=MAX(IF('OB History'!B:B=A9, 'OB History'!C:C))} -> 21 | L9: =COUNTIFS('OB History'!B:B,A9,'OB History'!D:D, 1) -> 8 | M9: =COUNTIFS('OB History'!B:B,A9,'OB History'!D:D, 0) -> 8 | N9: =LOOKUP(2, 1/('OB History'!$B:$B=A9), 'OB History'!$AD:$AD) -> 0.5 | O9: =SUMIFS('OB History'!F:F,'OB History'!B:B,A9) -> 34 | P9: =SUMIFS('OB History'!E:E,'OB History'!B:B,A9)-O9 -> 30 | Q9: =LOOKUP(2, 1/('OB History'!$B:$B=A9), 'OB History'!$AB:$AB) -> 0.55 | R9: =SUMIFS('OB History'!H:H,'OB History'!B:B,'Old Bow v2'!A9) -> 145 | S9: =SUMIFS('OB History'!G:G,'OB History'!B:B,'Old Bow v2'!A9)-R9 -> 128 | T9: =LOOKUP(2, 1/('OB History'!$B:$B=A9), 'OB History'!$AC:$AC) -> 0.5525 | U9: =COUNTIFS('OB History'!$B:$B,$A$9,'OB History'!K:K, 1) -> 2 | V9: =COUNTIFS('OB History'!$B:$B,$A$9,'OB History'!L:L, 1) -> 7 | W9: =COUNTIFS('OB History'!$B:$B,$A$9,'OB History'!M:M, 1) -> 0 | X9: =COUNTIFS('OB History'!$B:$B,$A$9,'OB History'!N:N, 1) -> 4 | Y9: =COUNTIFS('OB History'!$B:$B,$A$9,'OB History'!O:O, 1) -> 2 | Z9: =COUNTIFS('OB History'!$B:$B,$A$9,'OB History'!P:P, 1) -> 2 | AA9: =COUNTIFS('OB History'!$B:$B,$A$9,'OB History'!Q:Q, 1) -> 1 | AB9: =COUNTIFS('OB History'!$B:$B,$A$9,'OB History'!R:R, 1) -> 2 | AC9: =COUNTIFS('OB History'!$B:$B,$A$9,'OB History'!S:S, 1) -> 0 | AD9: =COUNTIFS('OB History'!$B:$B,$A$9,'OB History'!T:T, 1) -> 0 | AE9: =COUNTIFS('OB History'!$B:$B,$A$9,'OB History'!U:U, 1) -> 0 | AF9: =COUNTIFS('OB History'!$B:$B,$A$9,'OB History'!V:V, 1) -> 0 | AG9: =COUNTIFS('OB History'!$B:$B,$A$9,'OB History'!W:W, 1) -> 1 | AH9: =COUNTIFS('OB History'!$B:$B,$A$9,'OB History'!X:X, 1) -> 5 | AI9: =COUNTIFS('OB History'!$B:$B,$A$9,'OB History'!Y:Y, 1) -> 5 | AJ9: =COUNTIFS('OB History'!$B:$B,$A$9,'OB History'!Z:Z, 1) -> 3
A10: Cajun | B10: 🏆🏆 | C10: - | H10: =SUMIFS('OB History'!C:C,'OB History'!B:B,A10) -> 734 | I10: =AVERAGEIFS('OB History'!C:C,'OB History'!B:B,A10) -> 12.032787 | J10: {=MEDIAN(IF('OB History'!B:B=A10, 'OB History'!C:C))} -> 12 | K10: {=MAX(IF('OB History'!B:B=A10, 'OB History'!C:C))} -> 32 | L10: =COUNTIFS('OB History'!B:B,A10,'OB History'!D:D, 1) -> 33 | M10: =COUNTIFS('OB History'!B:B,A10,'OB History'!D:D, 0) -> 28 | N10: =LOOKUP(2, 1/('OB History'!$B:$B=A10), 'OB History'!$AD:$AD) -> 0.54098361 | O10: =SUMIFS('OB History'!F:F,'OB History'!B:B,A10) -> 124 | P10: =SUMIFS('OB History'!E:E,'OB History'!B:B,A10)-O10 -> 124 | Q10: =LOOKUP(2, 1/('OB History'!$B:$B=A10), 'OB History'!$AB:$AB) -> 0.48852459 | R10: =SUMIFS('OB History'!H:H,'OB History'!B:B,'Old Bow v2'!A10) -> 512 | S10: =SUMIFS('OB History'!G:G,'OB History'!B:B,'Old Bow v2'!A10)-R10 -> 508 | T10: =LOOKUP(2, 1/('OB History'!$B:$B=A10), 'OB History'!$AC:$AC) -> 0.4957377 | U10: =COUNTIFS('OB History'!$B:$B,$A$10,'OB History'!K:K, 1) -> 11 | V10: =COUNTIFS('OB History'!$B:$B,$A$10,'OB History'!L:L, 1) -> 9 | W10: =COUNTIFS('OB History'!$B:$B,$A$10,'OB History'!M:M, 1) -> 3 | X10: =COUNTIFS('OB History'!$B:$B,$A$10,'OB History'!N:N, 1) -> 19 | Y10: =COUNTIFS('OB History'!$B:$B,$A$10,'OB History'!O:O, 1) -> 6 | Z10: =COUNTIFS('OB History'!$B:$B,$A$10,'OB History'!P:P, 1) -> 10 | AA10: =COUNTIFS('OB History'!$B:$B,$A$10,'OB History'!Q:Q, 1) -> 0 | AB10: =COUNTIFS('OB History'!$B:$B,$A$10,'OB History'!R:R, 1) -> 3 | AC10: =COUNTIFS('OB History'!$B:$B,$A$10,'OB History'!S:S, 1) -> 2 | AD10: =COUNTIFS('OB History'!$B:$B,$A$10,'OB History'!T:T, 1) -> 1 | AE10: =COUNTIFS('OB History'!$B:$B,$A$10,'OB History'!U:U, 1) -> 0 | AF10: =COUNTIFS('OB History'!$B:$B,$A$10,'OB History'!V:V, 1) -> 0 | AG10: =COUNTIFS('OB History'!$B:$B,$A$10,'OB History'!W:W, 1) -> 12 | AH10: =COUNTIFS('OB History'!$B:$B,$A$10,'OB History'!X:X, 1) -> 21 | AI10: =COUNTIFS('OB History'!$B:$B,$A$10,'OB History'!Y:Y, 1) -> 9 | AJ10: =COUNTIFS('OB History'!$B:$B,$A$10,'OB History'!Z:Z, 1) -> 18
A11: Carnage | B11: - | C11: - | D11: 1 | E11: 1 | H11: =SUMIFS('OB History'!C:C,'OB History'!B:B,A11) -> 1035 | I11: =AVERAGEIFS('OB History'!C:C,'OB History'!B:B,A11) -> 11.896552 | J11: {=MEDIAN(IF('OB History'!B:B=A11, 'OB History'!C:C))} -> 11 | K11: {=MAX(IF('OB History'!B:B=A11, 'OB History'!C:C))} -> 26 | L11: =COUNTIFS('OB History'!B:B,A11,'OB History'!D:D, 1) -> 39 | M11: =COUNTIFS('OB History'!B:B,A11,'OB History'!D:D, 0) -> 48 | N11: =LOOKUP(2, 1/('OB History'!$B:$B=A11), 'OB History'!$AD:$AD) -> 0.44827586 | O11: =SUMIFS('OB History'!F:F,'OB History'!B:B,A11) -> 176 | P11: =SUMIFS('OB History'!E:E,'OB History'!B:B,A11)-O11 -> 185 | Q11: =LOOKUP(2, 1/('OB History'!$B:$B=A11), 'OB History'!$AB:$AB) -> 0.49425287 | R11: =SUMIFS('OB History'!H:H,'OB History'!B:B,'Old Bow v2'!A11) -> 734 | S11: =SUMIFS('OB History'!G:G,'OB History'!B:B,'Old Bow v2'!A11)-R11 -> 755 | T11: =LOOKUP(2, 1/('OB History'!$B:$B=A11), 'OB History'!$AC:$AC) -> 0.49356322 | U11: =COUNTIFS('OB History'!$B:$B,$A$11,'OB History'!K:K, 1) -> 17 | V11: =COUNTIFS('OB History'!$B:$B,$A$11,'OB History'!L:L, 1) -> 11 | W11: =COUNTIFS('OB History'!$B:$B,$A$11,'OB History'!M:M, 1) -> 2 | X11: =COUNTIFS('OB History'!$B:$B,$A$11,'OB History'!N:N, 1) -> 26 | Y11: =COUNTIFS('OB History'!$B:$B,$A$11,'OB History'!O:O, 1) -> 4 | Z11: =COUNTIFS('OB History'!$B:$B,$A$11,'OB History'!P:P, 1) -> 15 | AA11: =COUNTIFS('OB History'!$B:$B,$A$11,'OB History'!Q:Q, 1) -> 2 | AB11: =COUNTIFS('OB History'!$B:$B,$A$11,'OB History'!R:R, 1) -> 2 | AC11: =COUNTIFS('OB History'!$B:$B,$A$11,'OB History'!S:S, 1) -> 4 | AD11: =COUNTIFS('OB History'!$B:$B,$A$11,'OB History'!T:T, 1) -> 0 | AE11: =COUNTIFS('OB History'!$B:$B,$A$11,'OB History'!U:U, 1) -> 1 | AF11: =COUNTIFS('OB History'!$B:$B,$A$11,'OB History'!V:V, 1) -> 3 | AG11: =COUNTIFS('OB History'!$B:$B,$A$11,'OB History'!W:W, 1) -> 12 | AH11: =COUNTIFS('OB History'!$B:$B,$A$11,'OB History'!X:X, 1) -> 33 | AI11: =COUNTIFS('OB History'!$B:$B,$A$11,'OB History'!Y:Y, 1) -> 11 | AJ11: =COUNTIFS('OB History'!$B:$B,$A$11,'OB History'!Z:Z, 1) -> 32
A12: Choi | B12: 🏆 | C12: - | E12: 1 | H12: =SUMIFS('OB History'!C:C,'OB History'!B:B,A12) -> 381 | I12: =AVERAGEIFS('OB History'!C:C,'OB History'!B:B,A12) -> 15.875 | J12: {=MEDIAN(IF('OB History'!B:B=A12, 'OB History'!C:C))} -> 13 | K12: {=MAX(IF('OB History'!B:B=A12, 'OB History'!C:C))} -> 42 | L12: =COUNTIFS('OB History'!B:B,A12,'OB History'!D:D, 1) -> 11 | M12: =COUNTIFS('OB History'!B:B,A12,'OB History'!D:D, 0) -> 13 | N12: =LOOKUP(2, 1/('OB History'!$B:$B=A12), 'OB History'!$AD:$AD) -> 0.45833333 | O12: =SUMIFS('OB History'!F:F,'OB History'!B:B,A12) -> 46 | P12: =SUMIFS('OB History'!E:E,'OB History'!B:B,A12)-O12 -> 50 | Q12: =LOOKUP(2, 1/('OB History'!$B:$B=A12), 'OB History'!$AB:$AB) -> 0.47083333 | R12: =SUMIFS('OB History'!H:H,'OB History'!B:B,'Old Bow v2'!A12) -> 187 | S12: =SUMIFS('OB History'!G:G,'OB History'!B:B,'Old Bow v2'!A12)-R12 -> 209 | T12: =LOOKUP(2, 1/('OB History'!$B:$B=A12), 'OB History'!$AC:$AC) -> 0.45791667 | U12: =COUNTIFS('OB History'!$B:$B,$A$12,'OB History'!K:K, 1) -> 7 | V12: =COUNTIFS('OB History'!$B:$B,$A$12,'OB History'!L:L, 1) -> 4 | W12: =COUNTIFS('OB History'!$B:$B,$A$12,'OB History'!M:M, 1) -> 3 | X12: =COUNTIFS('OB History'!$B:$B,$A$12,'OB History'!N:N, 1) -> 4 | Y12: =COUNTIFS('OB History'!$B:$B,$A$12,'OB History'!O:O, 1) -> 1 | Z12: =COUNTIFS('OB History'!$B:$B,$A$12,'OB History'!P:P, 1) -> 1 | AA12: =COUNTIFS('OB History'!$B:$B,$A$12,'OB History'!Q:Q, 1) -> 0 | AB12: =COUNTIFS('OB History'!$B:$B,$A$12,'OB History'!R:R, 1) -> 0 | AC12: =COUNTIFS('OB History'!$B:$B,$A$12,'OB History'!S:S, 1) -> 0 | AD12: =COUNTIFS('OB History'!$B:$B,$A$12,'OB History'!T:T, 1) -> 0 | AE12: =COUNTIFS('OB History'!$B:$B,$A$12,'OB History'!U:U, 1) -> 1 | AF12: =COUNTIFS('OB History'!$B:$B,$A$12,'OB History'!V:V, 1) -> 2 | AG12: =COUNTIFS('OB History'!$B:$B,$A$12,'OB History'!W:W, 1) -> 4 | AH12: =COUNTIFS('OB History'!$B:$B,$A$12,'OB History'!X:X, 1) -> 6 | AI12: =COUNTIFS('OB History'!$B:$B,$A$12,'OB History'!Y:Y, 1) -> 6 | AJ12: =COUNTIFS('OB History'!$B:$B,$A$12,'OB History'!Z:Z, 1) -> 6
A13: Chopp | B13: - | C13: - | D13: 1 | H13: =SUMIFS('OB History'!C:C,'OB History'!B:B,A13) -> 388 | I13: =AVERAGEIFS('OB History'!C:C,'OB History'!B:B,A13) -> 18.47619 | J13: {=MEDIAN(IF('OB History'!B:B=A13, 'OB History'!C:C))} -> 16 | K13: {=MAX(IF('OB History'!B:B=A13, 'OB History'!C:C))} -> 34 | L13: =COUNTIFS('OB History'!B:B,A13,'OB History'!D:D, 1) -> 18 | M13: =COUNTIFS('OB History'!B:B,A13,'OB History'!D:D, 0) -> 3 | N13: =LOOKUP(2, 1/('OB History'!$B:$B=A13), 'OB History'!$AD:$AD) -> 0.85714286 | O13: =SUMIFS('OB History'!F:F,'OB History'!B:B,A13) -> 58 | P13: =SUMIFS('OB History'!E:E,'OB History'!B:B,A13)-O13 -> 24 | Q13: =LOOKUP(2, 1/('OB History'!$B:$B=A13), 'OB History'!$AB:$AB) -> 0.73666667 | R13: =SUMIFS('OB History'!H:H,'OB History'!B:B,'Old Bow v2'!A13) -> 200 | S13: =SUMIFS('OB History'!G:G,'OB History'!B:B,'Old Bow v2'!A13)-R13 -> 140 | T13: =LOOKUP(2, 1/('OB History'!$B:$B=A13), 'OB History'!$AC:$AC) -> 0.60190476 | U13: =COUNTIFS('OB History'!$B:$B,$A$13,'OB History'!K:K, 1) -> 5 | V13: =COUNTIFS('OB History'!$B:$B,$A$13,'OB History'!L:L, 1) -> 4 | W13: =COUNTIFS('OB History'!$B:$B,$A$13,'OB History'!M:M, 1) -> 3 | X13: =COUNTIFS('OB History'!$B:$B,$A$13,'OB History'!N:N, 1) -> 9 | Y13: =COUNTIFS('OB History'!$B:$B,$A$13,'OB History'!O:O, 1) -> 1 | Z13: =COUNTIFS('OB History'!$B:$B,$A$13,'OB History'!P:P, 1) -> 2 | AA13: =COUNTIFS('OB History'!$B:$B,$A$13,'OB History'!Q:Q, 1) -> 2 | AB13: =COUNTIFS('OB History'!$B:$B,$A$13,'OB History'!R:R, 1) -> 1 | AC13: =COUNTIFS('OB History'!$B:$B,$A$13,'OB History'!S:S, 1) -> 0 | AD13: =COUNTIFS('OB History'!$B:$B,$A$13,'OB History'!T:T, 1) -> 2 | AE13: =COUNTIFS('OB History'!$B:$B,$A$13,'OB History'!U:U, 1) -> 0 | AF13: =COUNTIFS('OB History'!$B:$B,$A$13,'OB History'!V:V, 1) -> 0 | AG13: =COUNTIFS('OB History'!$B:$B,$A$13,'OB History'!W:W, 1) -> 4 | AH13: =COUNTIFS('OB History'!$B:$B,$A$13,'OB History'!X:X, 1) -> 9 | AI13: =COUNTIFS('OB History'!$B:$B,$A$13,'OB History'!Y:Y, 1) -> 5 | AJ13: =COUNTIFS('OB History'!$B:$B,$A$13,'OB History'!Z:Z, 1) -> 11
A14: CivilAdam | B14: - | C14: - | D14: 2 | E14: 1 | H14: =SUMIFS('OB History'!C:C,'OB History'!B:B,A14) -> 871 | I14: =AVERAGEIFS('OB History'!C:C,'OB History'!B:B,A14) -> 15.836364 | J14: {=MEDIAN(IF('OB History'!B:B=A14, 'OB History'!C:C))} -> 16 | K14: {=MAX(IF('OB History'!B:B=A14, 'OB History'!C:C))} -> 34 | L14: =COUNTIFS('OB History'!B:B,A14,'OB History'!D:D, 1) -> 37 | M14: =COUNTIFS('OB History'!B:B,A14,'OB History'!D:D, 0) -> 18 | N14: =LOOKUP(2, 1/('OB History'!$B:$B=A14), 'OB History'!$AD:$AD) -> 0.67272727 | O14: =SUMIFS('OB History'!F:F,'OB History'!B:B,A14) -> 133 | P14: =SUMIFS('OB History'!E:E,'OB History'!B:B,A14)-O14 -> 91 | Q14: =LOOKUP(2, 1/('OB History'!$B:$B=A14), 'OB History'!$AB:$AB) -> 0.61272727 | R14: =SUMIFS('OB History'!H:H,'OB History'!B:B,'Old Bow v2'!A14) -> 512 | S14: =SUMIFS('OB History'!G:G,'OB History'!B:B,'Old Bow v2'!A14)-R14 -> 425 | T14: =LOOKUP(2, 1/('OB History'!$B:$B=A14), 'OB History'!$AC:$AC) -> 0.55654545 | U14: =COUNTIFS('OB History'!$B:$B,$A$14,'OB History'!K:K, 1) -> 11 | V14: =COUNTIFS('OB History'!$B:$B,$A$14,'OB History'!L:L, 1) -> 14 | W14: =COUNTIFS('OB History'!$B:$B,$A$14,'OB History'!M:M, 1) -> 2 | X14: =COUNTIFS('OB History'!$B:$B,$A$14,'OB History'!N:N, 1) -> 16 | Y14: =COUNTIFS('OB History'!$B:$B,$A$14,'OB History'!O:O, 1) -> 4 | Z14: =COUNTIFS('OB History'!$B:$B,$A$14,'OB History'!P:P, 1) -> 7 | AA14: =COUNTIFS('OB History'!$B:$B,$A$14,'OB History'!Q:Q, 1) -> 3 | AB14: =COUNTIFS('OB History'!$B:$B,$A$14,'OB History'!R:R, 1) -> 6 | AC14: =COUNTIFS('OB History'!$B:$B,$A$14,'OB History'!S:S, 1) -> 0 | AD14: =COUNTIFS('OB History'!$B:$B,$A$14,'OB History'!T:T, 1) -> 1 | AE14: =COUNTIFS('OB History'!$B:$B,$A$14,'OB History'!U:U, 1) -> 1 | AF14: =COUNTIFS('OB History'!$B:$B,$A$14,'OB History'!V:V, 1) -> 0 | AG14: =COUNTIFS('OB History'!$B:$B,$A$14,'OB History'!W:W, 1) -> 8 | AH14: =COUNTIFS('OB History'!$B:$B,$A$14,'OB History'!X:X, 1) -> 23 | AI14: =COUNTIFS('OB History'!$B:$B,$A$14,'OB History'!Y:Y, 1) -> 21 | AJ14: =COUNTIFS('OB History'!$B:$B,$A$14,'OB History'!Z:Z, 1) -> 15
A15: Crusha | B15: 🏆 | C15: - | D15: 2 | H15: =SUMIFS('OB History'!C:C,'OB History'!B:B,A15) -> 809 | I15: =AVERAGEIFS('OB History'!C:C,'OB History'!B:B,A15) -> 19.261905 | J15: {=MEDIAN(IF('OB History'!B:B=A15, 'OB History'!C:C))} -> 17.5 | K15: {=MAX(IF('OB History'!B:B=A15, 'OB History'!C:C))} -> 50 | L15: =COUNTIFS('OB History'!B:B,A15,'OB History'!D:D, 1) -> 21 | M15: =COUNTIFS('OB History'!B:B,A15,'OB History'!D:D, 0) -> 21 | N15: =LOOKUP(2, 1/('OB History'!$B:$B=A15), 'OB History'!$AD:$AD) -> 0.5 | O15: =SUMIFS('OB History'!F:F,'OB History'!B:B,A15) -> 94 | P15: =SUMIFS('OB History'!E:E,'OB History'!B:B,A15)-O15 -> 84 | Q15: =LOOKUP(2, 1/('OB History'!$B:$B=A15), 'OB History'!$AB:$AB) -> 0.54357143 | R15: =SUMIFS('OB History'!H:H,'OB History'!B:B,'Old Bow v2'!A15) -> 378 | S15: =SUMIFS('OB History'!G:G,'OB History'!B:B,'Old Bow v2'!A15)-R15 -> 361 | T15: =LOOKUP(2, 1/('OB History'!$B:$B=A15), 'OB History'!$AC:$AC) -> 0.51952381 | U15: =COUNTIFS('OB History'!$B:$B,$A$15,'OB History'!K:K, 1) -> 4 | V15: =COUNTIFS('OB History'!$B:$B,$A$15,'OB History'!L:L, 1) -> 6 | W15: =COUNTIFS('OB History'!$B:$B,$A$15,'OB History'!M:M, 1) -> 1 | X15: =COUNTIFS('OB History'!$B:$B,$A$15,'OB History'!N:N, 1) -> 10 | Y15: =COUNTIFS('OB History'!$B:$B,$A$15,'OB History'!O:O, 1) -> 1 | Z15: =COUNTIFS('OB History'!$B:$B,$A$15,'OB History'!P:P, 1) -> 8 | AA15: =COUNTIFS('OB History'!$B:$B,$A$15,'OB History'!Q:Q, 1) -> 8 | AB15: =COUNTIFS('OB History'!$B:$B,$A$15,'OB History'!R:R, 1) -> 4 | AC15: =COUNTIFS('OB History'!$B:$B,$A$15,'OB History'!S:S, 1) -> 4 | AD15: =COUNTIFS('OB History'!$B:$B,$A$15,'OB History'!T:T, 1) -> 2 | AE15: =COUNTIFS('OB History'!$B:$B,$A$15,'OB History'!U:U, 1) -> 1 | AF15: =COUNTIFS('OB History'!$B:$B,$A$15,'OB History'!V:V, 1) -> 2 | AG15: =COUNTIFS('OB History'!$B:$B,$A$15,'OB History'!W:W, 1) -> 7 | AH15: =COUNTIFS('OB History'!$B:$B,$A$15,'OB History'!X:X, 1) -> 13 | AI15: =COUNTIFS('OB History'!$B:$B,$A$15,'OB History'!Y:Y, 1) -> 11 | AJ15: =COUNTIFS('OB History'!$B:$B,$A$15,'OB History'!Z:Z, 1) -> 12
A16: DevilDuck | B16: - | C16: - | H16: =SUMIFS('OB History'!C:C,'OB History'!B:B,A16) -> 75 | I16: =AVERAGEIFS('OB History'!C:C,'OB History'!B:B,A16) -> 15 | J16: {=MEDIAN(IF('OB History'!B:B=A16, 'OB History'!C:C))} -> 14 | K16: {=MAX(IF('OB History'!B:B=A16, 'OB History'!C:C))} -> 19 | L16: =COUNTIFS('OB History'!B:B,A16,'OB History'!D:D, 1) -> 2 | M16: =COUNTIFS('OB History'!B:B,A16,'OB History'!D:D, 0) -> 3 | N16: =LOOKUP(2, 1/('OB History'!$B:$B=A16), 'OB History'!$AD:$AD) -> 0.4 | O16: =SUMIFS('OB History'!F:F,'OB History'!B:B,A16) -> 11 | P16: =SUMIFS('OB History'!E:E,'OB History'!B:B,A16)-O16 -> 11 | Q16: =LOOKUP(2, 1/('OB History'!$B:$B=A16), 'OB History'!$AB:$AB) -> 0.51 | R16: =SUMIFS('OB History'!H:H,'OB History'!B:B,'Old Bow v2'!A16) -> 50 | S16: =SUMIFS('OB History'!G:G,'OB History'!B:B,'Old Bow v2'!A16)-R16 -> 44 | T16: =LOOKUP(2, 1/('OB History'!$B:$B=A16), 'OB History'!$AC:$AC) -> 0.536 | U16: =COUNTIFS('OB History'!$B:$B,$A$16,'OB History'!K:K, 1) -> 1 | V16: =COUNTIFS('OB History'!$B:$B,$A$16,'OB History'!L:L, 1) -> 2 | W16: =COUNTIFS('OB History'!$B:$B,$A$16,'OB History'!M:M, 1) -> 0 | X16: =COUNTIFS('OB History'!$B:$B,$A$16,'OB History'!N:N, 1) -> 1 | Y16: =COUNTIFS('OB History'!$B:$B,$A$16,'OB History'!O:O, 1) -> 0 | Z16: =COUNTIFS('OB History'!$B:$B,$A$16,'OB History'!P:P, 1) -> 0 | AA16: =COUNTIFS('OB History'!$B:$B,$A$16,'OB History'!Q:Q, 1) -> 0 | AB16: =COUNTIFS('OB History'!$B:$B,$A$16,'OB History'!R:R, 1) -> 0 | AC16: =COUNTIFS('OB History'!$B:$B,$A$16,'OB History'!S:S, 1) -> 2 | AD16: =COUNTIFS('OB History'!$B:$B,$A$16,'OB History'!T:T, 1) -> 0 | AE16: =COUNTIFS('OB History'!$B:$B,$A$16,'OB History'!U:U, 1) -> 1 | AF16: =COUNTIFS('OB History'!$B:$B,$A$16,'OB History'!V:V, 1) -> 0 | AG16: =COUNTIFS('OB History'!$B:$B,$A$16,'OB History'!W:W, 1) -> 2 | AH16: =COUNTIFS('OB History'!$B:$B,$A$16,'OB History'!X:X, 1) -> 2 | AI16: =COUNTIFS('OB History'!$B:$B,$A$16,'OB History'!Y:Y, 1) -> 0 | AJ16: =COUNTIFS('OB History'!$B:$B,$A$16,'OB History'!Z:Z, 1) -> 0
A17: Dreamz | B17: 🏆 | C17: - | H17: =SUMIFS('OB History'!C:C,'OB History'!B:B,A17) -> 515 | I17: =AVERAGEIFS('OB History'!C:C,'OB History'!B:B,A17) -> 14.305556 | J17: {=MEDIAN(IF('OB History'!B:B=A17, 'OB History'!C:C))} -> 13 | K17: {=MAX(IF('OB History'!B:B=A17, 'OB History'!C:C))} -> 27 | L17: =COUNTIFS('OB History'!B:B,A17,'OB History'!D:D, 1) -> 17 | M17: =COUNTIFS('OB History'!B:B,A17,'OB History'!D:D, 0) -> 19 | N17: =LOOKUP(2, 1/('OB History'!$B:$B=A17), 'OB History'!$AD:$AD) -> 0.47222222 | O17: =SUMIFS('OB History'!F:F,'OB History'!B:B,A17) -> 72 | P17: =SUMIFS('OB History'!E:E,'OB History'!B:B,A17)-O17 -> 79 | Q17: =LOOKUP(2, 1/('OB History'!$B:$B=A17), 'OB History'!$AB:$AB) -> 0.46444444 | R17: =SUMIFS('OB History'!H:H,'OB History'!B:B,'Old Bow v2'!A17) -> 318 | S17: =SUMIFS('OB History'!G:G,'OB History'!B:B,'Old Bow v2'!A17)-R17 -> 317 | T17: =LOOKUP(2, 1/('OB History'!$B:$B=A17), 'OB History'!$AC:$AC) -> 0.49694444 | U17: =COUNTIFS('OB History'!$B:$B,$A$17,'OB History'!K:K, 1) -> 6 | V17: =COUNTIFS('OB History'!$B:$B,$A$17,'OB History'!L:L, 1) -> 6 | W17: =COUNTIFS('OB History'!$B:$B,$A$17,'OB History'!M:M, 1) -> 9 | X17: =COUNTIFS('OB History'!$B:$B,$A$17,'OB History'!N:N, 1) -> 11 | Y17: =COUNTIFS('OB History'!$B:$B,$A$17,'OB History'!O:O, 1) -> 4 | Z17: =COUNTIFS('OB History'!$B:$B,$A$17,'OB History'!P:P, 1) -> 3 | AA17: =COUNTIFS('OB History'!$B:$B,$A$17,'OB History'!Q:Q, 1) -> 2 | AB17: =COUNTIFS('OB History'!$B:$B,$A$17,'OB History'!R:R, 1) -> 2 | AC17: =COUNTIFS('OB History'!$B:$B,$A$17,'OB History'!S:S, 1) -> 0 | AD17: =COUNTIFS('OB History'!$B:$B,$A$17,'OB History'!T:T, 1) -> 0 | AE17: =COUNTIFS('OB History'!$B:$B,$A$17,'OB History'!U:U, 1) -> 0 | AF17: =COUNTIFS('OB History'!$B:$B,$A$17,'OB History'!V:V, 1) -> 1 | AG17: =COUNTIFS('OB History'!$B:$B,$A$17,'OB History'!W:W, 1) -> 3 | AH17: =COUNTIFS('OB History'!$B:$B,$A$17,'OB History'!X:X, 1) -> 10 | AI17: =COUNTIFS('OB History'!$B:$B,$A$17,'OB History'!Y:Y, 1) -> 8 | AJ17: =COUNTIFS('OB History'!$B:$B,$A$17,'OB History'!Z:Z, 1) -> 7
A18: Driver | B18: 🏆🏆🏆 | C18: - | D18: 3 | E18: 1 | H18: =SUMIFS('OB History'!C:C,'OB History'!B:B,A18) -> 850 | I18: =AVERAGEIFS('OB History'!C:C,'OB History'!B:B,A18) -> 16.037736 | J18: {=MEDIAN(IF('OB History'!B:B=A18, 'OB History'!C:C))} -> 15 | K18: {=MAX(IF('OB History'!B:B=A18, 'OB History'!C:C))} -> 44 | L18: =COUNTIFS('OB History'!B:B,A18,'OB History'!D:D, 1) -> 27 | M18: =COUNTIFS('OB History'!B:B,A18,'OB History'!D:D, 0) -> 26 | N18: =LOOKUP(2, 1/('OB History'!$B:$B=A18), 'OB History'!$AD:$AD) -> 0.50943396 | O18: =SUMIFS('OB History'!F:F,'OB History'!B:B,A18) -> 110 | P18: =SUMIFS('OB History'!E:E,'OB History'!B:B,A18)-O18 -> 111 | Q18: =LOOKUP(2, 1/('OB History'!$B:$B=A18), 'OB History'!$AB:$AB) -> 0.49301887 | R18: =SUMIFS('OB History'!H:H,'OB History'!B:B,'Old Bow v2'!A18) -> 450 | S18: =SUMIFS('OB History'!G:G,'OB History'!B:B,'Old Bow v2'!A18)-R18 -> 461 | T18: =LOOKUP(2, 1/('OB History'!$B:$B=A18), 'OB History'!$AC:$AC) -> 0.49509434 | U18: =COUNTIFS('OB History'!$B:$B,$A$18,'OB History'!K:K, 1) -> 5 | V18: =COUNTIFS('OB History'!$B:$B,$A$18,'OB History'!L:L, 1) -> 8 | W18: =COUNTIFS('OB History'!$B:$B,$A$18,'OB History'!M:M, 1) -> 4 | X18: =COUNTIFS('OB History'!$B:$B,$A$18,'OB History'!N:N, 1) -> 11 | Y18: =COUNTIFS('OB History'!$B:$B,$A$18,'OB History'!O:O, 1) -> 9 | Z18: =COUNTIFS('OB History'!$B:$B,$A$18,'OB History'!P:P, 1) -> 9 | AA18: =COUNTIFS('OB History'!$B:$B,$A$18,'OB History'!Q:Q, 1) -> 6 | AB18: =COUNTIFS('OB History'!$B:$B,$A$18,'OB History'!R:R, 1) -> 6 | AC18: =COUNTIFS('OB History'!$B:$B,$A$18,'OB History'!S:S, 1) -> 1 | AD18: =COUNTIFS('OB History'!$B:$B,$A$18,'OB History'!T:T, 1) -> 1 | AE18: =COUNTIFS('OB History'!$B:$B,$A$18,'OB History'!U:U, 1) -> 1 | AF18: =COUNTIFS('OB History'!$B:$B,$A$18,'OB History'!V:V, 1) -> 1 | AG18: =COUNTIFS('OB History'!$B:$B,$A$18,'OB History'!W:W, 1) -> 9 | AH18: =COUNTIFS('OB History'!$B:$B,$A$18,'OB History'!X:X, 1) -> 20 | AI18: =COUNTIFS('OB History'!$B:$B,$A$18,'OB History'!Y:Y, 1) -> 9 | AJ18: =COUNTIFS('OB History'!$B:$B,$A$18,'OB History'!Z:Z, 1) -> 9
A19: Engineer | B19: 🏆🏆 | C19: - | F19: 1 | H19: =SUMIFS('OB History'!C:C,'OB History'!B:B,A19) -> 891 | I19: =AVERAGEIFS('OB History'!C:C,'OB History'!B:B,A19) -> 14.606557 | J19: {=MEDIAN(IF('OB History'!B:B=A19, 'OB History'!C:C))} -> 13 | K19: {=MAX(IF('OB History'!B:B=A19, 'OB History'!C:C))} -> 41 | L19: =COUNTIFS('OB History'!B:B,A19,'OB History'!D:D, 1) -> 35 | M19: =COUNTIFS('OB History'!B:B,A19,'OB History'!D:D, 0) -> 26 | N19: =LOOKUP(2, 1/('OB History'!$B:$B=A19), 'OB History'!$AD:$AD) -> 0.57377049 | O19: =SUMIFS('OB History'!F:F,'OB History'!B:B,A19) -> 137 | P19: =SUMIFS('OB History'!E:E,'OB History'!B:B,A19)-O19 -> 113 | Q19: =LOOKUP(2, 1/('OB History'!$B:$B=A19), 'OB History'!$AB:$AB) -> 0.55868852 | R19: =SUMIFS('OB History'!H:H,'OB History'!B:B,'Old Bow v2'!A19) -> 534 | S19: =SUMIFS('OB History'!G:G,'OB History'!B:B,'Old Bow v2'!A19)-R19 -> 500 | T19: =LOOKUP(2, 1/('OB History'!$B:$B=A19), 'OB History'!$AC:$AC) -> 0.51688525 | U19: =COUNTIFS('OB History'!$B:$B,$A$19,'OB History'!K:K, 1) -> 8 | V19: =COUNTIFS('OB History'!$B:$B,$A$19,'OB History'!L:L, 1) -> 10 | W19: =COUNTIFS('OB History'!$B:$B,$A$19,'OB History'!M:M, 1) -> 6 | X19: =COUNTIFS('OB History'!$B:$B,$A$19,'OB History'!N:N, 1) -> 16 | Y19: =COUNTIFS('OB History'!$B:$B,$A$19,'OB History'!O:O, 1) -> 5 | Z19: =COUNTIFS('OB History'!$B:$B,$A$19,'OB History'!P:P, 1) -> 16 | AA19: =COUNTIFS('OB History'!$B:$B,$A$19,'OB History'!Q:Q, 1) -> 6 | AB19: =COUNTIFS('OB History'!$B:$B,$A$19,'OB History'!R:R, 1) -> 4 | AC19: =COUNTIFS('OB History'!$B:$B,$A$19,'OB History'!S:S, 1) -> 2 | AD19: =COUNTIFS('OB History'!$B:$B,$A$19,'OB History'!T:T, 1) -> 2 | AE19: =COUNTIFS('OB History'!$B:$B,$A$19,'OB History'!U:U, 1) -> 1 | AF19: =COUNTIFS('OB History'!$B:$B,$A$19,'OB History'!V:V, 1) -> 3 | AG19: =COUNTIFS('OB History'!$B:$B,$A$19,'OB History'!W:W, 1) -> 10 | AH19: =COUNTIFS('OB History'!$B:$B,$A$19,'OB History'!X:X, 1) -> 19 | AI19: =COUNTIFS('OB History'!$B:$B,$A$19,'OB History'!Y:Y, 1) -> 11 | AJ19: =COUNTIFS('OB History'!$B:$B,$A$19,'OB History'!Z:Z, 1) -> 18
A20: Erock | B20: - | C20: - | H20: =SUMIFS('OB History'!C:C,'OB History'!B:B,A20) -> 10 | I20: =AVERAGEIFS('OB History'!C:C,'OB History'!B:B,A20) -> 10 | J20: {=MEDIAN(IF('OB History'!B:B=A20, 'OB History'!C:C))} -> 10 | K20: {=MAX(IF('OB History'!B:B=A20, 'OB History'!C:C))} -> 10 | L20: =COUNTIFS('OB History'!B:B,A20,'OB History'!D:D, 1) -> 0 | M20: =COUNTIFS('OB History'!B:B,A20,'OB History'!D:D, 0) -> 1 | N20: =LOOKUP(2, 1/('OB History'!$B:$B=A20), 'OB History'!$AD:$AD) -> 0 | O20: =SUMIFS('OB History'!F:F,'OB History'!B:B,A20) -> 2 | P20: =SUMIFS('OB History'!E:E,'OB History'!B:B,A20)-O20 -> 3 | Q20: =LOOKUP(2, 1/('OB History'!$B:$B=A20), 'OB History'!$AB:$AB) -> 0.4 | R20: =SUMIFS('OB History'!H:H,'OB History'!B:B,'Old Bow v2'!A20) -> 6 | S20: =SUMIFS('OB History'!G:G,'OB History'!B:B,'Old Bow v2'!A20)-R20 -> 14 | T20: =LOOKUP(2, 1/('OB History'!$B:$B=A20), 'OB History'!$AC:$AC) -> 0.3 | U20: =COUNTIFS('OB History'!$B:$B,$A$20,'OB History'!K:K, 1) -> 0 | V20: =COUNTIFS('OB History'!$B:$B,$A$20,'OB History'!L:L, 1) -> 0 | W20: =COUNTIFS('OB History'!$B:$B,$A$20,'OB History'!M:M, 1) -> 0 | X20: =COUNTIFS('OB History'!$B:$B,$A$20,'OB History'!N:N, 1) -> 0 | Y20: =COUNTIFS('OB History'!$B:$B,$A$20,'OB History'!O:O, 1) -> 0 | Z20: =COUNTIFS('OB History'!$B:$B,$A$20,'OB History'!P:P, 1) -> 0 | AA20: =COUNTIFS('OB History'!$B:$B,$A$20,'OB History'!Q:Q, 1) -> 0 | AB20: =COUNTIFS('OB History'!$B:$B,$A$20,'OB History'!R:R, 1) -> 0 | AC20: =COUNTIFS('OB History'!$B:$B,$A$20,'OB History'!S:S, 1) -> 0 | AD20: =COUNTIFS('OB History'!$B:$B,$A$20,'OB History'!T:T, 1) -> 0 | AE20: =COUNTIFS('OB History'!$B:$B,$A$20,'OB History'!U:U, 1) -> 0 | AF20: =COUNTIFS('OB History'!$B:$B,$A$20,'OB History'!V:V, 1) -> 0 | AG20: =COUNTIFS('OB History'!$B:$B,$A$20,'OB History'!W:W, 1) -> 1 | AH20: =COUNTIFS('OB History'!$B:$B,$A$20,'OB History'!X:X, 1) -> 0 | AI20: =COUNTIFS('OB History'!$B:$B,$A$20,'OB History'!Y:Y, 1) -> 1 | AJ20: =COUNTIFS('OB History'!$B:$B,$A$20,'OB History'!Z:Z, 1) -> 0
A21: EtchV | B21: - | C21: - | H21: =SUMIFS('OB History'!C:C,'OB History'!B:B,A21) -> 294 | I21: =AVERAGEIFS('OB History'!C:C,'OB History'!B:B,A21) -> 14.7 | J21: {=MEDIAN(IF('OB History'!B:B=A21, 'OB History'!C:C))} -> 15.5 | K21: {=MAX(IF('OB History'!B:B=A21, 'OB History'!C:C))} -> 33 | L21: =COUNTIFS('OB History'!B:B,A21,'OB History'!D:D, 1) -> 8 | M21: =COUNTIFS('OB History'!B:B,A21,'OB History'!D:D, 0) -> 12 | N21: =LOOKUP(2, 1/('OB History'!$B:$B=A21), 'OB History'!$AD:$AD) -> 0.4 | O21: =SUMIFS('OB History'!F:F,'OB History'!B:B,A21) -> 32 | P21: =SUMIFS('OB History'!E:E,'OB History'!B:B,A21)-O21 -> 44 | Q21: =LOOKUP(2, 1/('OB History'!$B:$B=A21), 'OB History'!$AB:$AB) -> 0.406 | R21: =SUMIFS('OB History'!H:H,'OB History'!B:B,'Old Bow v2'!A21) -> 148 | S21: =SUMIFS('OB History'!G:G,'OB History'!B:B,'Old Bow v2'!A21)-R21 -> 174 | T21: =LOOKUP(2, 1/('OB History'!$B:$B=A21), 'OB History'!$AC:$AC) -> 0.447 | U21: =COUNTIFS('OB History'!$B:$B,$A$21,'OB History'!K:K, 1) -> 4 | V21: =COUNTIFS('OB History'!$B:$B,$A$21,'OB History'!L:L, 1) -> 3 | W21: =COUNTIFS('OB History'!$B:$B,$A$21,'OB History'!M:M, 1) -> 4 | X21: =COUNTIFS('OB History'!$B:$B,$A$21,'OB History'!N:N, 1) -> 3 | Y21: =COUNTIFS('OB History'!$B:$B,$A$21,'OB History'!O:O, 1) -> 0 | Z21: =COUNTIFS('OB History'!$B:$B,$A$21,'OB History'!P:P, 1) -> 2 | AA21: =COUNTIFS('OB History'!$B:$B,$A$21,'OB History'!Q:Q, 1) -> 3 | AB21: =COUNTIFS('OB History'!$B:$B,$A$21,'OB History'!R:R, 1) -> 1 | AC21: =COUNTIFS('OB History'!$B:$B,$A$21,'OB History'!S:S, 1) -> 0 | AD21: =COUNTIFS('OB History'!$B:$B,$A$21,'OB History'!T:T, 1) -> 0 | AE21: =COUNTIFS('OB History'!$B:$B,$A$21,'OB History'!U:U, 1) -> 0 | AF21: =COUNTIFS('OB History'!$B:$B,$A$21,'OB History'!V:V, 1) -> 0 | AG21: =COUNTIFS('OB History'!$B:$B,$A$21,'OB History'!W:W, 1) -> 1 | AH21: =COUNTIFS('OB History'!$B:$B,$A$21,'OB History'!X:X, 1) -> 7 | AI21: =COUNTIFS('OB History'!$B:$B,$A$21,'OB History'!Y:Y, 1) -> 1 | AJ21: =COUNTIFS('OB History'!$B:$B,$A$21,'OB History'!Z:Z, 1) -> 3
A22: Etho | B22: - | C22: - | H22: =SUMIFS('OB History'!C:C,'OB History'!B:B,A22) -> 0 | I22: =AVERAGEIFS('OB History'!C:C,'OB History'!B:B,A22) -> 0 | J22: {=MEDIAN(IF('OB History'!B:B=A22, 'OB History'!C:C))} -> 0 | K22: {=MAX(IF('OB History'!B:B=A22, 'OB History'!C:C))} -> 0 | L22: =COUNTIFS('OB History'!B:B,A22,'OB History'!D:D, 1) -> 0 | M22: =COUNTIFS('OB History'!B:B,A22,'OB History'!D:D, 0) -> 1 | N22: =LOOKUP(2, 1/('OB History'!$B:$B=A22), 'OB History'!$AD:$AD) -> 0 | O22: =SUMIFS('OB History'!F:F,'OB History'!B:B,A22) -> 0 | P22: =SUMIFS('OB History'!E:E,'OB History'!B:B,A22)-O22 -> 3 | Q22: =LOOKUP(2, 1/('OB History'!$B:$B=A22), 'OB History'!$AB:$AB) -> 0 | R22: =SUMIFS('OB History'!H:H,'OB History'!B:B,'Old Bow v2'!A22) -> 3 | S22: =SUMIFS('OB History'!G:G,'OB History'!B:B,'Old Bow v2'!A22)-R22 -> 9 | T22: =LOOKUP(2, 1/('OB History'!$B:$B=A22), 'OB History'!$AC:$AC) -> 0.25 | U22: =COUNTIFS('OB History'!$B:$B,$A$22,'OB History'!K:K, 1) -> 0 | V22: =COUNTIFS('OB History'!$B:$B,$A$22,'OB History'!L:L, 1) -> 0 | W22: =COUNTIFS('OB History'!$B:$B,$A$22,'OB History'!M:M, 1) -> 0 | X22: =COUNTIFS('OB History'!$B:$B,$A$22,'OB History'!N:N, 1) -> 0 | Y22: =COUNTIFS('OB History'!$B:$B,$A$22,'OB History'!O:O, 1) -> 0 | Z22: =COUNTIFS('OB History'!$B:$B,$A$22,'OB History'!P:P, 1) -> 0 | AA22: =COUNTIFS('OB History'!$B:$B,$A$22,'OB History'!Q:Q, 1) -> 0 | AB22: =COUNTIFS('OB History'!$B:$B,$A$22,'OB History'!R:R, 1) -> 0 | AC22: =COUNTIFS('OB History'!$B:$B,$A$22,'OB History'!S:S, 1) -> 0 | AD22: =COUNTIFS('OB History'!$B:$B,$A$22,'OB History'!T:T, 1) -> 0 | AE22: =COUNTIFS('OB History'!$B:$B,$A$22,'OB History'!U:U, 1) -> 0 | AF22: =COUNTIFS('OB History'!$B:$B,$A$22,'OB History'!V:V, 1) -> 0 | AG22: =COUNTIFS('OB History'!$B:$B,$A$22,'OB History'!W:W, 1) -> 0 | AH22: =COUNTIFS('OB History'!$B:$B,$A$22,'OB History'!X:X, 1) -> 0 | AI22: =COUNTIFS('OB History'!$B:$B,$A$22,'OB History'!Y:Y, 1) -> 0 | AJ22: =COUNTIFS('OB History'!$B:$B,$A$22,'OB History'!Z:Z, 1) -> 0
A23: Faded | B23: - | C23: - | H23: =SUMIFS('OB History'!C:C,'OB History'!B:B,A23) -> 11 | I23: =AVERAGEIFS('OB History'!C:C,'OB History'!B:B,A23) -> 2.75 | J23: {=MEDIAN(IF('OB History'!B:B=A23, 'OB History'!C:C))} -> 1.5 | K23: {=MAX(IF('OB History'!B:B=A23, 'OB History'!C:C))} -> 8 | L23: =COUNTIFS('OB History'!B:B,A23,'OB History'!D:D, 1) -> 4 | M23: =COUNTIFS('OB History'!B:B,A23,'OB History'!D:D, 0) -> 0 | N23: =LOOKUP(2, 1/('OB History'!$B:$B=A23), 'OB History'!$AD:$AD) -> 1 | O23: =SUMIFS('OB History'!F:F,'OB History'!B:B,A23) -> 12 | P23: =SUMIFS('OB History'!E:E,'OB History'!B:B,A23)-O23 -> 4 | Q23: =LOOKUP(2, 1/('OB History'!$B:$B=A23), 'OB History'!$AB:$AB) -> 0.775 | R23: =SUMIFS('OB History'!H:H,'OB History'!B:B,'Old Bow v2'!A23) -> 39 | S23: =SUMIFS('OB History'!G:G,'OB History'!B:B,'Old Bow v2'!A23)-R23 -> 24 | T23: =LOOKUP(2, 1/('OB History'!$B:$B=A23), 'OB History'!$AC:$AC) -> 0.6325 | U23: =COUNTIFS('OB History'!$B:$B,$A$23,'OB History'!K:K, 1) -> 1 | V23: =COUNTIFS('OB History'!$B:$B,$A$23,'OB History'!L:L, 1) -> 2 | W23: =COUNTIFS('OB History'!$B:$B,$A$23,'OB History'!M:M, 1) -> 0 | X23: =COUNTIFS('OB History'!$B:$B,$A$23,'OB History'!N:N, 1) -> 3 | Y23: =COUNTIFS('OB History'!$B:$B,$A$23,'OB History'!O:O, 1) -> 0 | Z23: =COUNTIFS('OB History'!$B:$B,$A$23,'OB History'!P:P, 1) -> 0 | AA23: =COUNTIFS('OB History'!$B:$B,$A$23,'OB History'!Q:Q, 1) -> 1 | AB23: =COUNTIFS('OB History'!$B:$B,$A$23,'OB History'!R:R, 1) -> 1 | AC23: =COUNTIFS('OB History'!$B:$B,$A$23,'OB History'!S:S, 1) -> 0 | AD23: =COUNTIFS('OB History'!$B:$B,$A$23,'OB History'!T:T, 1) -> 0 | AE23: =COUNTIFS('OB History'!$B:$B,$A$23,'OB History'!U:U, 1) -> 0 | AF23: =COUNTIFS('OB History'!$B:$B,$A$23,'OB History'!V:V, 1) -> 0 | AG23: =COUNTIFS('OB History'!$B:$B,$A$23,'OB History'!W:W, 1) -> 0 | AH23: =COUNTIFS('OB History'!$B:$B,$A$23,'OB History'!X:X, 1) -> 1 | AI23: =COUNTIFS('OB History'!$B:$B,$A$23,'OB History'!Y:Y, 1) -> 2 | AJ23: =COUNTIFS('OB History'!$B:$B,$A$23,'OB History'!Z:Z, 1) -> 1
A24: FlyinRyan | B24: 🏆 | C24: - | H24: =SUMIFS('OB History'!C:C,'OB History'!B:B,A24) -> 321 | I24: =AVERAGEIFS('OB History'!C:C,'OB History'!B:B,A24) -> 13.375 | J24: {=MEDIAN(IF('OB History'!B:B=A24, 'OB History'!C:C))} -> 12.5 | K24: {=MAX(IF('OB History'!B:B=A24, 'OB History'!C:C))} -> 29 | L24: =COUNTIFS('OB History'!B:B,A24,'OB History'!D:D, 1) -> 9 | M24: =COUNTIFS('OB History'!B:B,A24,'OB History'!D:D, 0) -> 15 | N24: =LOOKUP(2, 1/('OB History'!$B:$B=A24), 'OB History'!$AD:$AD) -> 0.375 | O24: =SUMIFS('OB History'!F:F,'OB History'!B:B,A24) -> 47 | P24: =SUMIFS('OB History'!E:E,'OB History'!B:B,A24)-O24 -> 56 | Q24: =LOOKUP(2, 1/('OB History'!$B:$B=A24), 'OB History'!$AB:$AB) -> 0.45208333 | R24: =SUMIFS('OB History'!H:H,'OB History'!B:B,'Old Bow v2'!A24) -> 201 | S24: =SUMIFS('OB History'!G:G,'OB History'!B:B,'Old Bow v2'!A24)-R24 -> 216 | T24: =LOOKUP(2, 1/('OB History'!$B:$B=A24), 'OB History'!$AC:$AC) -> 0.48208333 | U24: =COUNTIFS('OB History'!$B:$B,$A$24,'OB History'!K:K, 1) -> 1 | V24: =COUNTIFS('OB History'!$B:$B,$A$24,'OB History'!L:L, 1) -> 3 | W24: =COUNTIFS('OB History'!$B:$B,$A$24,'OB History'!M:M, 1) -> 2 | X24: =COUNTIFS('OB History'!$B:$B,$A$24,'OB History'!N:N, 1) -> 7 | Y24: =COUNTIFS('OB History'!$B:$B,$A$24,'OB History'!O:O, 1) -> 0 | Z24: =COUNTIFS('OB History'!$B:$B,$A$24,'OB History'!P:P, 1) -> 6 | AA24: =COUNTIFS('OB History'!$B:$B,$A$24,'OB History'!Q:Q, 1) -> 0 | AB24: =COUNTIFS('OB History'!$B:$B,$A$24,'OB History'!R:R, 1) -> 1 | AC24: =COUNTIFS('OB History'!$B:$B,$A$24,'OB History'!S:S, 1) -> 1 | AD24: =COUNTIFS('OB History'!$B:$B,$A$24,'OB History'!T:T, 1) -> 1 | AE24: =COUNTIFS('OB History'!$B:$B,$A$24,'OB History'!U:U, 1) -> 0 | AF24: =COUNTIFS('OB History'!$B:$B,$A$24,'OB History'!V:V, 1) -> 0 | AG24: =COUNTIFS('OB History'!$B:$B,$A$24,'OB History'!W:W, 1) -> 3 | AH24: =COUNTIFS('OB History'!$B:$B,$A$24,'OB History'!X:X, 1) -> 8 | AI24: =COUNTIFS('OB History'!$B:$B,$A$24,'OB History'!Y:Y, 1) -> 6 | AJ24: =COUNTIFS('OB History'!$B:$B,$A$24,'OB History'!Z:Z, 1) -> 8
A25: Focus | B25: - | C25: - | H25: =SUMIFS('OB History'!C:C,'OB History'!B:B,A25) -> 97 | I25: =AVERAGEIFS('OB History'!C:C,'OB History'!B:B,A25) -> 12.125 | J25: {=MEDIAN(IF('OB History'!B:B=A25, 'OB History'!C:C))} -> 12.5 | K25: {=MAX(IF('OB History'!B:B=A25, 'OB History'!C:C))} -> 17 | L25: =COUNTIFS('OB History'!B:B,A25,'OB History'!D:D, 1) -> 2 | M25: =COUNTIFS('OB History'!B:B,A25,'OB History'!D:D, 0) -> 6 | N25: =LOOKUP(2, 1/('OB History'!$B:$B=A25), 'OB History'!$AD:$AD) -> 0.25 | O25: =SUMIFS('OB History'!F:F,'OB History'!B:B,A25) -> 13 | P25: =SUMIFS('OB History'!E:E,'OB History'!B:B,A25)-O25 -> 19 | Q25: =LOOKUP(2, 1/('OB History'!$B:$B=A25), 'OB History'!$AB:$AB) -> 0.425 | R25: =SUMIFS('OB History'!H:H,'OB History'!B:B,'Old Bow v2'!A25) -> 64 | S25: =SUMIFS('OB History'!G:G,'OB History'!B:B,'Old Bow v2'!A25)-R25 -> 72 | T25: =LOOKUP(2, 1/('OB History'!$B:$B=A25), 'OB History'!$AC:$AC) -> 0.4775 | U25: =COUNTIFS('OB History'!$B:$B,$A$25,'OB History'!K:K, 1) -> 1 | V25: =COUNTIFS('OB History'!$B:$B,$A$25,'OB History'!L:L, 1) -> 1 | W25: =COUNTIFS('OB History'!$B:$B,$A$25,'OB History'!M:M, 1) -> 1 | X25: =COUNTIFS('OB History'!$B:$B,$A$25,'OB History'!N:N, 1) -> 2 | Y25: =COUNTIFS('OB History'!$B:$B,$A$25,'OB History'!O:O, 1) -> 0 | Z25: =COUNTIFS('OB History'!$B:$B,$A$25,'OB History'!P:P, 1) -> 2 | AA25: =COUNTIFS('OB History'!$B:$B,$A$25,'OB History'!Q:Q, 1) -> 0 | AB25: =COUNTIFS('OB History'!$B:$B,$A$25,'OB History'!R:R, 1) -> 2 | AC25: =COUNTIFS('OB History'!$B:$B,$A$25,'OB History'!S:S, 1) -> 1 | AD25: =COUNTIFS('OB History'!$B:$B,$A$25,'OB History'!T:T, 1) -> 0 | AE25: =COUNTIFS('OB History'!$B:$B,$A$25,'OB History'!U:U, 1) -> 0 | AF25: =COUNTIFS('OB History'!$B:$B,$A$25,'OB History'!V:V, 1) -> 0 | AG25: =COUNTIFS('OB History'!$B:$B,$A$25,'OB History'!W:W, 1) -> 1 | AH25: =COUNTIFS('OB History'!$B:$B,$A$25,'OB History'!X:X, 1) -> 1 | AI25: =COUNTIFS('OB History'!$B:$B,$A$25,'OB History'!Y:Y, 1) -> 1 | AJ25: =COUNTIFS('OB History'!$B:$B,$A$25,'OB History'!Z:Z, 1) -> 0
A26: Fox | B26: - | C26: - | H26: =SUMIFS('OB History'!C:C,'OB History'!B:B,A26) -> 111 | I26: =AVERAGEIFS('OB History'!C:C,'OB History'!B:B,A26) -> 13.875 | J26: {=MEDIAN(IF('OB History'!B:B=A26, 'OB History'!C:C))} -> 10.5 | K26: {=MAX(IF('OB History'!B:B=A26, 'OB History'!C:C))} -> 34 | L26: =COUNTIFS('OB History'!B:B,A26,'OB History'!D:D, 1) -> 3 | M26: =COUNTIFS('OB History'!B:B,A26,'OB History'!D:D, 0) -> 5 | N26: =LOOKUP(2, 1/('OB History'!$B:$B=A26), 'OB History'!$AD:$AD) -> 0.375 | O26: =SUMIFS('OB History'!F:F,'OB History'!B:B,A26) -> 12 | P26: =SUMIFS('OB History'!E:E,'OB History'!B:B,A26)-O26 -> 19 | Q26: =LOOKUP(2, 1/('OB History'!$B:$B=A26), 'OB History'!$AB:$AB) -> 0.34375 | R26: =SUMIFS('OB History'!H:H,'OB History'!B:B,'Old Bow v2'!A26) -> 54 | S26: =SUMIFS('OB History'!G:G,'OB History'!B:B,'Old Bow v2'!A26)-R26 -> 77 | T26: =LOOKUP(2, 1/('OB History'!$B:$B=A26), 'OB History'!$AC:$AC) -> 0.3975 | U26: =COUNTIFS('OB History'!$B:$B,$A$26,'OB History'!K:K, 1) -> 0 | V26: =COUNTIFS('OB History'!$B:$B,$A$26,'OB History'!L:L, 1) -> 1 | W26: =COUNTIFS('OB History'!$B:$B,$A$26,'OB History'!M:M, 1) -> 1 | X26: =COUNTIFS('OB History'!$B:$B,$A$26,'OB History'!N:N, 1) -> 1 | Y26: =COUNTIFS('OB History'!$B:$B,$A$26,'OB History'!O:O, 1) -> 1 | Z26: =COUNTIFS('OB History'!$B:$B,$A$26,'OB History'!P:P, 1) -> 1 | AA26: =COUNTIFS('OB History'!$B:$B,$A$26,'OB History'!Q:Q, 1) -> 0 | AB26: =COUNTIFS('OB History'!$B:$B,$A$26,'OB History'!R:R, 1) -> 1 | AC26: =COUNTIFS('OB History'!$B:$B,$A$26,'OB History'!S:S, 1) -> 0 | AD26: =COUNTIFS('OB History'!$B:$B,$A$26,'OB History'!T:T, 1) -> 1 | AE26: =COUNTIFS('OB History'!$B:$B,$A$26,'OB History'!U:U, 1) -> 0 | AF26: =COUNTIFS('OB History'!$B:$B,$A$26,'OB History'!V:V, 1) -> 0 | AG26: =COUNTIFS('OB History'!$B:$B,$A$26,'OB History'!W:W, 1) -> 1 | AH26: =COUNTIFS('OB History'!$B:$B,$A$26,'OB History'!X:X, 1) -> 3 | AI26: =COUNTIFS('OB History'!$B:$B,$A$26,'OB History'!Y:Y, 1) -> 1 | AJ26: =COUNTIFS('OB History'!$B:$B,$A$26,'OB History'!Z:Z, 1) -> 0
A27: Frag N Clear | B27: - | C27: - | D27: 2 | H27: =SUMIFS('OB History'!C:C,'OB History'!B:B,A27) -> 249 | I27: =AVERAGEIFS('OB History'!C:C,'OB History'!B:B,A27) -> 16.6 | J27: {=MEDIAN(IF('OB History'!B:B=A27, 'OB History'!C:C))} -> 17 | K27: {=MAX(IF('OB History'!B:B=A27, 'OB History'!C:C))} -> 28 | L27: =COUNTIFS('OB History'!B:B,A27,'OB History'!D:D, 1) -> 13 | M27: =COUNTIFS('OB History'!B:B,A27,'OB History'!D:D, 0) -> 2 | N27: =LOOKUP(2, 1/('OB History'!$B:$B=A27), 'OB History'!$AD:$AD) -> 0.86666667 | O27: =SUMIFS('OB History'!F:F,'OB History'!B:B,A27) -> 40 | P27: =SUMIFS('OB History'!E:E,'OB History'!B:B,A27)-O27 -> 18 | Q27: =LOOKUP(2, 1/('OB History'!$B:$B=A27), 'OB History'!$AB:$AB) -> 0.71 | R27: =SUMIFS('OB History'!H:H,'OB History'!B:B,'Old Bow v2'!A27) -> 140 | S27: =SUMIFS('OB History'!G:G,'OB History'!B:B,'Old Bow v2'!A27)-R27 -> 96 | T27: =LOOKUP(2, 1/('OB History'!$B:$B=A27), 'OB History'!$AC:$AC) -> 0.60266667 | U27: =COUNTIFS('OB History'!$B:$B,$A$27,'OB History'!K:K, 1) -> 4 | V27: =COUNTIFS('OB History'!$B:$B,$A$27,'OB History'!L:L, 1) -> 4 | W27: =COUNTIFS('OB History'!$B:$B,$A$27,'OB History'!M:M, 1) -> 3 | X27: =COUNTIFS('OB History'!$B:$B,$A$27,'OB History'!N:N, 1) -> 2 | Y27: =COUNTIFS('OB History'!$B:$B,$A$27,'OB History'!O:O, 1) -> 0 | Z27: =COUNTIFS('OB History'!$B:$B,$A$27,'OB History'!P:P, 1) -> 3 | AA27: =COUNTIFS('OB History'!$B:$B,$A$27,'OB History'!Q:Q, 1) -> 1 | AB27: =COUNTIFS('OB History'!$B:$B,$A$27,'OB History'!R:R, 1) -> 1 | AC27: =COUNTIFS('OB History'!$B:$B,$A$27,'OB History'!S:S, 1) -> 1 | AD27: =COUNTIFS('OB History'!$B:$B,$A$27,'OB History'!T:T, 1) -> 0 | AE27: =COUNTIFS('OB History'!$B:$B,$A$27,'OB History'!U:U, 1) -> 0 | AF27: =COUNTIFS('OB History'!$B:$B,$A$27,'OB History'!V:V, 1) -> 0 | AG27: =COUNTIFS('OB History'!$B:$B,$A$27,'OB History'!W:W, 1) -> 3 | AH27: =COUNTIFS('OB History'!$B:$B,$A$27,'OB History'!X:X, 1) -> 8 | AI27: =COUNTIFS('OB History'!$B:$B,$A$27,'OB History'!Y:Y, 1) -> 5 | AJ27: =COUNTIFS('OB History'!$B:$B,$A$27,'OB History'!Z:Z, 1) -> 5
A28: Hopes | B28: 🏆🏆🏆 | C28: - | D28: 4 | E28: 1 | H28: =SUMIFS('OB History'!C:C,'OB History'!B:B,A28) -> 812 | I28: =AVERAGEIFS('OB History'!C:C,'OB History'!B:B,A28) -> 26.193548 | J28: {=MEDIAN(IF('OB History'!B:B=A28, 'OB History'!C:C))} -> 26 | K28: {=MAX(IF('OB History'!B:B=A28, 'OB History'!C:C))} -> 48 | L28: =COUNTIFS('OB History'!B:B,A28,'OB History'!D:D, 1) -> 19 | M28: =COUNTIFS('OB History'!B:B,A28,'OB History'!D:D, 0) -> 12 | N28: =LOOKUP(2, 1/('OB History'!$B:$B=A28), 'OB History'!$AD:$AD) -> 0.61290323 | O28: =SUMIFS('OB History'!F:F,'OB History'!B:B,A28) -> 66 | P28: =SUMIFS('OB History'!E:E,'OB History'!B:B,A28)-O28 -> 62 | Q28: =LOOKUP(2, 1/('OB History'!$B:$B=A28), 'OB History'!$AB:$AB) -> 0.5016129 | R28: =SUMIFS('OB History'!H:H,'OB History'!B:B,'Old Bow v2'!A28) -> 252 | S28: =SUMIFS('OB History'!G:G,'OB History'!B:B,'Old Bow v2'!A28)-R28 -> 261 | T28: =LOOKUP(2, 1/('OB History'!$B:$B=A28), 'OB History'!$AC:$AC) -> 0.47935484 | U28: =COUNTIFS('OB History'!$B:$B,$A$28,'OB History'!K:K, 1) -> 4 | V28: =COUNTIFS('OB History'!$B:$B,$A$28,'OB History'!L:L, 1) -> 6 | W28: =COUNTIFS('OB History'!$B:$B,$A$28,'OB History'!M:M, 1) -> 5 | X28: =COUNTIFS('OB History'!$B:$B,$A$28,'OB History'!N:N, 1) -> 3 | Y28: =COUNTIFS('OB History'!$B:$B,$A$28,'OB History'!O:O, 1) -> 9 | Z28: =COUNTIFS('OB History'!$B:$B,$A$28,'OB History'!P:P, 1) -> 5 | AA28: =COUNTIFS('OB History'!$B:$B,$A$28,'OB History'!Q:Q, 1) -> 0 | AB28: =COUNTIFS('OB History'!$B:$B,$A$28,'OB History'!R:R, 1) -> 2 | AC28: =COUNTIFS('OB History'!$B:$B,$A$28,'OB History'!S:S, 1) -> 0 | AD28: =COUNTIFS('OB History'!$B:$B,$A$28,'OB History'!T:T, 1) -> 0 | AE28: =COUNTIFS('OB History'!$B:$B,$A$28,'OB History'!U:U, 1) -> 0 | AF28: =COUNTIFS('OB History'!$B:$B,$A$28,'OB History'!V:V, 1) -> 0 | AG28: =COUNTIFS('OB History'!$B:$B,$A$28,'OB History'!W:W, 1) -> 5 | AH28: =COUNTIFS('OB History'!$B:$B,$A$28,'OB History'!X:X, 1) -> 10 | AI28: =COUNTIFS('OB History'!$B:$B,$A$28,'OB History'!Y:Y, 1) -> 9 | AJ28: =COUNTIFS('OB History'!$B:$B,$A$28,'OB History'!Z:Z, 1) -> 8
A29: StevO | B29: 🏆 | C29: - | D29: 4 | H29: =SUMIFS('OB History'!C:C,'OB History'!B:B,A29) -> 1101 | I29: =AVERAGEIFS('OB History'!C:C,'OB History'!B:B,A29) -> 21.173077 | J29: {=MEDIAN(IF('OB History'!B:B=A29, 'OB History'!C:C))} -> 21 | K29: {=MAX(IF('OB History'!B:B=A29, 'OB History'!C:C))} -> 41 | L29: =COUNTIFS('OB History'!B:B,A29,'OB History'!D:D, 1) -> 29 | M29: =COUNTIFS('OB History'!B:B,A29,'OB History'!D:D, 0) -> 23 | N29: =LOOKUP(2, 1/('OB History'!$B:$B=A29), 'OB History'!$AD:$AD) -> 0.55769231 | O29: =SUMIFS('OB History'!F:F,'OB History'!B:B,A29) -> 110 | P29: =SUMIFS('OB History'!E:E,'OB History'!B:B,A29)-O29 -> 98 | Q29: =LOOKUP(2, 1/('OB History'!$B:$B=A29), 'OB History'!$AB:$AB) -> 0.535 | R29: =SUMIFS('OB History'!H:H,'OB History'!B:B,'Old Bow v2'!A29) -> 449 | S29: =SUMIFS('OB History'!G:G,'OB History'!B:B,'Old Bow v2'!A29)-R29 -> 405 | T29: =LOOKUP(2, 1/('OB History'!$B:$B=A29), 'OB History'!$AC:$AC) -> 0.52826923 | U29: =COUNTIFS('OB History'!$B:$B,$A$29,'OB History'!K:K, 1) -> 9 | V29: =COUNTIFS('OB History'!$B:$B,$A$29,'OB History'!L:L, 1) -> 6 | W29: =COUNTIFS('OB History'!$B:$B,$A$29,'OB History'!M:M, 1) -> 4 | X29: =COUNTIFS('OB History'!$B:$B,$A$29,'OB History'!N:N, 1) -> 15 | Y29: =COUNTIFS('OB History'!$B:$B,$A$29,'OB History'!O:O, 1) -> 0 | Z29: =COUNTIFS('OB History'!$B:$B,$A$29,'OB History'!P:P, 1) -> 7 | AA29: =COUNTIFS('OB History'!$B:$B,$A$29,'OB History'!Q:Q, 1) -> 7 | AB29: =COUNTIFS('OB History'!$B:$B,$A$29,'OB History'!R:R, 1) -> 3 | AC29: =COUNTIFS('OB History'!$B:$B,$A$29,'OB History'!S:S, 1) -> 3 | AD29: =COUNTIFS('OB History'!$B:$B,$A$29,'OB History'!T:T, 1) -> 1 | AE29: =COUNTIFS('OB History'!$B:$B,$A$29,'OB History'!U:U, 1) -> 2 | AF29: =COUNTIFS('OB History'!$B:$B,$A$29,'OB History'!V:V, 1) -> 0 | AG29: =COUNTIFS('OB History'!$B:$B,$A$29,'OB History'!W:W, 1) -> 7 | AH29: =COUNTIFS('OB History'!$B:$B,$A$29,'OB History'!X:X, 1) -> 16 | AI29: =COUNTIFS('OB History'!$B:$B,$A$29,'OB History'!Y:Y, 1) -> 17 | AJ29: =COUNTIFS('OB History'!$B:$B,$A$29,'OB History'!Z:Z, 1) -> 13
A30: Itch | B30: 🏆🏆🏆🏆 | C30: - | D30: 2 | H30: =SUMIFS('OB History'!C:C,'OB History'!B:B,A30) -> 1205 | I30: =AVERAGEIFS('OB History'!C:C,'OB History'!B:B,A30) -> 11.586538 | J30: {=MEDIAN(IF('OB History'!B:B=A30, 'OB History'!C:C))} -> 12 | K30: {=MAX(IF('OB History'!B:B=A30, 'OB History'!C:C))} -> 22 | L30: =COUNTIFS('OB History'!B:B,A30,'OB History'!D:D, 1) -> 46 | M30: =COUNTIFS('OB History'!B:B,A30,'OB History'!D:D, 0) -> 58 | N30: =LOOKUP(2, 1/('OB History'!$B:$B=A30), 'OB History'!$AD:$AD) -> 0.44230769 | O30: =SUMIFS('OB History'!F:F,'OB History'!B:B,A30) -> 205 | P30: =SUMIFS('OB History'!E:E,'OB History'!B:B,A30)-O30 -> 226 | Q30: =LOOKUP(2, 1/('OB History'!$B:$B=A30), 'OB History'!$AB:$AB) -> 0.47067308 | R30: =SUMIFS('OB History'!H:H,'OB History'!B:B,'Old Bow v2'!A30) -> 876 | S30: =SUMIFS('OB History'!G:G,'OB History'!B:B,'Old Bow v2'!A30)-R30 -> 919 | T30: =LOOKUP(2, 1/('OB History'!$B:$B=A30), 'OB History'!$AC:$AC) -> 0.48778846 | U30: =COUNTIFS('OB History'!$B:$B,$A$30,'OB History'!K:K, 1) -> 15 | V30: =COUNTIFS('OB History'!$B:$B,$A$30,'OB History'!L:L, 1) -> 19 | W30: =COUNTIFS('OB History'!$B:$B,$A$30,'OB History'!M:M, 1) -> 4 | X30: =COUNTIFS('OB History'!$B:$B,$A$30,'OB History'!N:N, 1) -> 25 | Y30: =COUNTIFS('OB History'!$B:$B,$A$30,'OB History'!O:O, 1) -> 8 | Z30: =COUNTIFS('OB History'!$B:$B,$A$30,'OB History'!P:P, 1) -> 12 | AA30: =COUNTIFS('OB History'!$B:$B,$A$30,'OB History'!Q:Q, 1) -> 4 | AB30: =COUNTIFS('OB History'!$B:$B,$A$30,'OB History'!R:R, 1) -> 4 | AC30: =COUNTIFS('OB History'!$B:$B,$A$30,'OB History'!S:S, 1) -> 1 | AD30: =COUNTIFS('OB History'!$B:$B,$A$30,'OB History'!T:T, 1) -> 1 | AE30: =COUNTIFS('OB History'!$B:$B,$A$30,'OB History'!U:U, 1) -> 1 | AF30: =COUNTIFS('OB History'!$B:$B,$A$30,'OB History'!V:V, 1) -> 3 | AG30: =COUNTIFS('OB History'!$B:$B,$A$30,'OB History'!W:W, 1) -> 20 | AH30: =COUNTIFS('OB History'!$B:$B,$A$30,'OB History'!X:X, 1) -> 39 | AI30: =COUNTIFS('OB History'!$B:$B,$A$30,'OB History'!Y:Y, 1) -> 26 | AJ30: =COUNTIFS('OB History'!$B:$B,$A$30,'OB History'!Z:Z, 1) -> 22
A31: Jipsy | B31: - | C31: - | H31: =SUMIFS('OB History'!C:C,'OB History'!B:B,A31) -> 2 | I31: =AVERAGEIFS('OB History'!C:C,'OB History'!B:B,A31) -> 2 | J31: {=MEDIAN(IF('OB History'!B:B=A31, 'OB History'!C:C))} -> 2 | K31: {=MAX(IF('OB History'!B:B=A31, 'OB History'!C:C))} -> 2 | L31: =COUNTIFS('OB History'!B:B,A31,'OB History'!D:D, 1) -> 0 | M31: =COUNTIFS('OB History'!B:B,A31,'OB History'!D:D, 0) -> 1 | N31: =LOOKUP(2, 1/('OB History'!$B:$B=A31), 'OB History'!$AD:$AD) -> 0 | O31: =SUMIFS('OB History'!F:F,'OB History'!B:B,A31) -> 0 | P31: =SUMIFS('OB History'!E:E,'OB History'!B:B,A31)-O31 -> 3 | Q31: =LOOKUP(2, 1/('OB History'!$B:$B=A31), 'OB History'!$AB:$AB) -> 0 | R31: =SUMIFS('OB History'!H:H,'OB History'!B:B,'Old Bow v2'!A31) -> 4 | S31: =SUMIFS('OB History'!G:G,'OB History'!B:B,'Old Bow v2'!A31)-R31 -> 9 | T31: =LOOKUP(2, 1/('OB History'!$B:$B=A31), 'OB History'!$AC:$AC) -> 0.31 | U31: =COUNTIFS('OB History'!$B:$B,$A$31,'OB History'!K:K, 1) -> 0 | V31: =COUNTIFS('OB History'!$B:$B,$A$31,'OB History'!L:L, 1) -> 0 | W31: =COUNTIFS('OB History'!$B:$B,$A$31,'OB History'!M:M, 1) -> 0 | X31: =COUNTIFS('OB History'!$B:$B,$A$31,'OB History'!N:N, 1) -> 0 | Y31: =COUNTIFS('OB History'!$B:$B,$A$31,'OB History'!O:O, 1) -> 0 | Z31: =COUNTIFS('OB History'!$B:$B,$A$31,'OB History'!P:P, 1) -> 0 | AA31: =COUNTIFS('OB History'!$B:$B,$A$31,'OB History'!Q:Q, 1) -> 0 | AB31: =COUNTIFS('OB History'!$B:$B,$A$31,'OB History'!R:R, 1) -> 0 | AC31: =COUNTIFS('OB History'!$B:$B,$A$31,'OB History'!S:S, 1) -> 0 | AD31: =COUNTIFS('OB History'!$B:$B,$A$31,'OB History'!T:T, 1) -> 0 | AE31: =COUNTIFS('OB History'!$B:$B,$A$31,'OB History'!U:U, 1) -> 0 | AF31: =COUNTIFS('OB History'!$B:$B,$A$31,'OB History'!V:V, 1) -> 0 | AG31: =COUNTIFS('OB History'!$B:$B,$A$31,'OB History'!W:W, 1) -> 0 | AH31: =COUNTIFS('OB History'!$B:$B,$A$31,'OB History'!X:X, 1) -> 0 | AI31: =COUNTIFS('OB History'!$B:$B,$A$31,'OB History'!Y:Y, 1) -> 0 | AJ31: =COUNTIFS('OB History'!$B:$B,$A$31,'OB History'!Z:Z, 1) -> 0
A32: Juvey | B32: - | C32: - | H32: =SUMIFS('OB History'!C:C,'OB History'!B:B,A32) -> 277 | I32: =AVERAGEIFS('OB History'!C:C,'OB History'!B:B,A32) -> 19.785714 | J32: {=MEDIAN(IF('OB History'!B:B=A32, 'OB History'!C:C))} -> 17.5 | K32: {=MAX(IF('OB History'!B:B=A32, 'OB History'!C:C))} -> 36 | L32: =COUNTIFS('OB History'!B:B,A32,'OB History'!D:D, 1) -> 7 | M32: =COUNTIFS('OB History'!B:B,A32,'OB History'!D:D, 0) -> 7 | N32: =LOOKUP(2, 1/('OB History'!$B:$B=A32), 'OB History'!$AD:$AD) -> 0.5 | O32: =SUMIFS('OB History'!F:F,'OB History'!B:B,A32) -> 28 | P32: =SUMIFS('OB History'!E:E,'OB History'!B:B,A32)-O32 -> 28 | Q32: =LOOKUP(2, 1/('OB History'!$B:$B=A32), 'OB History'!$AB:$AB) -> 0.49285714 | R32: =SUMIFS('OB History'!H:H,'OB History'!B:B,'Old Bow v2'!A32) -> 111 | S32: =SUMIFS('OB History'!G:G,'OB History'!B:B,'Old Bow v2'!A32)-R32 -> 119 | T32: =LOOKUP(2, 1/('OB History'!$B:$B=A32), 'OB History'!$AC:$AC) -> 0.48142857 | U32: =COUNTIFS('OB History'!$B:$B,$A$32,'OB History'!K:K, 1) -> 2 | V32: =COUNTIFS('OB History'!$B:$B,$A$32,'OB History'!L:L, 1) -> 1 | W32: =COUNTIFS('OB History'!$B:$B,$A$32,'OB History'!M:M, 1) -> 1 | X32: =COUNTIFS('OB History'!$B:$B,$A$32,'OB History'!N:N, 1) -> 3 | Y32: =COUNTIFS('OB History'!$B:$B,$A$32,'OB History'!O:O, 1) -> 0 | Z32: =COUNTIFS('OB History'!$B:$B,$A$32,'OB History'!P:P, 1) -> 6 | AA32: =COUNTIFS('OB History'!$B:$B,$A$32,'OB History'!Q:Q, 1) -> 0 | AB32: =COUNTIFS('OB History'!$B:$B,$A$32,'OB History'!R:R, 1) -> 2 | AC32: =COUNTIFS('OB History'!$B:$B,$A$32,'OB History'!S:S, 1) -> 1 | AD32: =COUNTIFS('OB History'!$B:$B,$A$32,'OB History'!T:T, 1) -> 0 | AE32: =COUNTIFS('OB History'!$B:$B,$A$32,'OB History'!U:U, 1) -> 0 | AF32: =COUNTIFS('OB History'!$B:$B,$A$32,'OB History'!V:V, 1) -> 0 | AG32: =COUNTIFS('OB History'!$B:$B,$A$32,'OB History'!W:W, 1) -> 2 | AH32: =COUNTIFS('OB History'!$B:$B,$A$32,'OB History'!X:X, 1) -> 5 | AI32: =COUNTIFS('OB History'!$B:$B,$A$32,'OB History'!Y:Y, 1) -> 2 | AJ32: =COUNTIFS('OB History'!$B:$B,$A$32,'OB History'!Z:Z, 1) -> 3
A33: Krazy Gunner | B33: - | C33: - | D33: 1 | H33: =SUMIFS('OB History'!C:C,'OB History'!B:B,A33) -> 1145 | I33: =AVERAGEIFS('OB History'!C:C,'OB History'!B:B,A33) -> 12.865169 | J33: {=MEDIAN(IF('OB History'!B:B=A33, 'OB History'!C:C))} -> 13 | K33: {=MAX(IF('OB History'!B:B=A33, 'OB History'!C:C))} -> 30 | L33: =COUNTIFS('OB History'!B:B,A33,'OB History'!D:D, 1) -> 45 | M33: =COUNTIFS('OB History'!B:B,A33,'OB History'!D:D, 0) -> 44 | N33: =LOOKUP(2, 1/('OB History'!$B:$B=A33), 'OB History'!$AD:$AD) -> 0.50561798 | O33: =SUMIFS('OB History'!F:F,'OB History'!B:B,A33) -> 180 | P33: =SUMIFS('OB History'!E:E,'OB History'!B:B,A33)-O33 -> 192 | Q33: =LOOKUP(2, 1/('OB History'!$B:$B=A33), 'OB History'!$AB:$AB) -> 0.47191011 | R33: =SUMIFS('OB History'!H:H,'OB History'!B:B,'Old Bow v2'!A33) -> 768 | S33: =SUMIFS('OB History'!G:G,'OB History'!B:B,'Old Bow v2'!A33)-R33 -> 777 | T33: =LOOKUP(2, 1/('OB History'!$B:$B=A33), 'OB History'!$AC:$AC) -> 0.49629213 | U33: =COUNTIFS('OB History'!$B:$B,$A$33,'OB History'!K:K, 1) -> 18 | V33: =COUNTIFS('OB History'!$B:$B,$A$33,'OB History'!L:L, 1) -> 16 | W33: =COUNTIFS('OB History'!$B:$B,$A$33,'OB History'!M:M, 1) -> 3 | X33: =COUNTIFS('OB History'!$B:$B,$A$33,'OB History'!N:N, 1) -> 23 | Y33: =COUNTIFS('OB History'!$B:$B,$A$33,'OB History'!O:O, 1) -> 3 | Z33: =COUNTIFS('OB History'!$B:$B,$A$33,'OB History'!P:P, 1) -> 11 | AA33: =COUNTIFS('OB History'!$B:$B,$A$33,'OB History'!Q:Q, 1) -> 8 | AB33: =COUNTIFS('OB History'!$B:$B,$A$33,'OB History'!R:R, 1) -> 9 | AC33: =COUNTIFS('OB History'!$B:$B,$A$33,'OB History'!S:S, 1) -> 1 | AD33: =COUNTIFS('OB History'!$B:$B,$A$33,'OB History'!T:T, 1) -> 2 | AE33: =COUNTIFS('OB History'!$B:$B,$A$33,'OB History'!U:U, 1) -> 1 | AF33: =COUNTIFS('OB History'!$B:$B,$A$33,'OB History'!V:V, 1) -> 2 | AG33: =COUNTIFS('OB History'!$B:$B,$A$33,'OB History'!W:W, 1) -> 6 | AH33: =COUNTIFS('OB History'!$B:$B,$A$33,'OB History'!X:X, 1) -> 29 | AI33: =COUNTIFS('OB History'!$B:$B,$A$33,'OB History'!Y:Y, 1) -> 27 | AJ33: =COUNTIFS('OB History'!$B:$B,$A$33,'OB History'!Z:Z, 1) -> 20
A34: Kyle | B34: 🏆 | C34: - | D34: 3 | H34: =SUMIFS('OB History'!C:C,'OB History'!B:B,A34) -> 701 | I34: =AVERAGEIFS('OB History'!C:C,'OB History'!B:B,A34) -> 15.577778 | J34: {=MEDIAN(IF('OB History'!B:B=A34, 'OB History'!C:C))} -> 15 | K34: {=MAX(IF('OB History'!B:B=A34, 'OB History'!C:C))} -> 43 | L34: =COUNTIFS('OB History'!B:B,A34,'OB History'!D:D, 1) -> 19 | M34: =COUNTIFS('OB History'!B:B,A34,'OB History'!D:D, 0) -> 26 | N34: =LOOKUP(2, 1/('OB History'!$B:$B=A34), 'OB History'!$AD:$AD) -> 0.42222222 | O34: =SUMIFS('OB History'!F:F,'OB History'!B:B,A34) -> 85 | P34: =SUMIFS('OB History'!E:E,'OB History'!B:B,A34)-O34 -> 103 | Q34: =LOOKUP(2, 1/('OB History'!$B:$B=A34), 'OB History'!$AB:$AB) -> 0.43733333 | R34: =SUMIFS('OB History'!H:H,'OB History'!B:B,'Old Bow v2'!A34) -> 369 | S34: =SUMIFS('OB History'!G:G,'OB History'!B:B,'Old Bow v2'!A34)-R34 -> 410 | T34: =LOOKUP(2, 1/('OB History'!$B:$B=A34), 'OB History'!$AC:$AC) -> 0.46288889 | U34: =COUNTIFS('OB History'!$B:$B,$A$34,'OB History'!K:K, 1) -> 13 | V34: =COUNTIFS('OB History'!$B:$B,$A$34,'OB History'!L:L, 1) -> 6 | W34: =COUNTIFS('OB History'!$B:$B,$A$34,'OB History'!M:M, 1) -> 2 | X34: =COUNTIFS('OB History'!$B:$B,$A$34,'OB History'!N:N, 1) -> 4 | Y34: =COUNTIFS('OB History'!$B:$B,$A$34,'OB History'!O:O, 1) -> 2 | Z34: =COUNTIFS('OB History'!$B:$B,$A$34,'OB History'!P:P, 1) -> 5 | AA34: =COUNTIFS('OB History'!$B:$B,$A$34,'OB History'!Q:Q, 1) -> 5 | AB34: =COUNTIFS('OB History'!$B:$B,$A$34,'OB History'!R:R, 1) -> 1 | AC34: =COUNTIFS('OB History'!$B:$B,$A$34,'OB History'!S:S, 1) -> 1 | AD34: =COUNTIFS('OB History'!$B:$B,$A$34,'OB History'!T:T, 1) -> 0 | AE34: =COUNTIFS('OB History'!$B:$B,$A$34,'OB History'!U:U, 1) -> 1 | AF34: =COUNTIFS('OB History'!$B:$B,$A$34,'OB History'!V:V, 1) -> 1 | AG34: =COUNTIFS('OB History'!$B:$B,$A$34,'OB History'!W:W, 1) -> 3 | AH34: =COUNTIFS('OB History'!$B:$B,$A$34,'OB History'!X:X, 1) -> 17 | AI34: =COUNTIFS('OB History'!$B:$B,$A$34,'OB History'!Y:Y, 1) -> 8 | AJ34: =COUNTIFS('OB History'!$B:$B,$A$34,'OB History'!Z:Z, 1) -> 16
A35: Legend | B35: 🏆 | C35: - | H35: =SUMIFS('OB History'!C:C,'OB History'!B:B,A35) -> 138 | I35: =AVERAGEIFS('OB History'!C:C,'OB History'!B:B,A35) -> 15.333333 | J35: {=MEDIAN(IF('OB History'!B:B=A35, 'OB History'!C:C))} -> 12 | K35: {=MAX(IF('OB History'!B:B=A35, 'OB History'!C:C))} -> 25 | L35: =COUNTIFS('OB History'!B:B,A35,'OB History'!D:D, 1) -> 5 | M35: =COUNTIFS('OB History'!B:B,A35,'OB History'!D:D, 0) -> 4 | N35: =LOOKUP(2, 1/('OB History'!$B:$B=A35), 'OB History'!$AD:$AD) -> 0.55555556 | O35: =SUMIFS('OB History'!F:F,'OB History'!B:B,A35) -> 19 | P35: =SUMIFS('OB History'!E:E,'OB History'!B:B,A35)-O35 -> 19 | Q35: =LOOKUP(2, 1/('OB History'!$B:$B=A35), 'OB History'!$AB:$AB) -> 0.48333333 | R35: =SUMIFS('OB History'!H:H,'OB History'!B:B,'Old Bow v2'!A35) -> 79 | S35: =SUMIFS('OB History'!G:G,'OB History'!B:B,'Old Bow v2'!A35)-R35 -> 77 | T35: =LOOKUP(2, 1/('OB History'!$B:$B=A35), 'OB History'!$AC:$AC) -> 0.50222222 | U35: =COUNTIFS('OB History'!$B:$B,$A$35,'OB History'!K:K, 1) -> 3 | V35: =COUNTIFS('OB History'!$B:$B,$A$35,'OB History'!L:L, 1) -> 1 | W35: =COUNTIFS('OB History'!$B:$B,$A$35,'OB History'!M:M, 1) -> 0 | X35: =COUNTIFS('OB History'!$B:$B,$A$35,'OB History'!N:N, 1) -> 2 | Y35: =COUNTIFS('OB History'!$B:$B,$A$35,'OB History'!O:O, 1) -> 3 | Z35: =COUNTIFS('OB History'!$B:$B,$A$35,'OB History'!P:P, 1) -> 2 | AA35: =COUNTIFS('OB History'!$B:$B,$A$35,'OB History'!Q:Q, 1) -> 3 | AB35: =COUNTIFS('OB History'!$B:$B,$A$35,'OB History'!R:R, 1) -> 0 | AC35: =COUNTIFS('OB History'!$B:$B,$A$35,'OB History'!S:S, 1) -> 0 | AD35: =COUNTIFS('OB History'!$B:$B,$A$35,'OB History'!T:T, 1) -> 0 | AE35: =COUNTIFS('OB History'!$B:$B,$A$35,'OB History'!U:U, 1) -> 0 | AF35: =COUNTIFS('OB History'!$B:$B,$A$35,'OB History'!V:V, 1) -> 0 | AG35: =COUNTIFS('OB History'!$B:$B,$A$35,'OB History'!W:W, 1) -> 2 | AH35: =COUNTIFS('OB History'!$B:$B,$A$35,'OB History'!X:X, 1) -> 2 | AI35: =COUNTIFS('OB History'!$B:$B,$A$35,'OB History'!Y:Y, 1) -> 0 | AJ35: =COUNTIFS('OB History'!$B:$B,$A$35,'OB History'!Z:Z, 1) -> 1
A36: Lethal | B36: - | C36: - | H36: =SUMIFS('OB History'!C:C,'OB History'!B:B,A36) -> 234 | I36: =AVERAGEIFS('OB History'!C:C,'OB History'!B:B,A36) -> 13.764706 | J36: {=MEDIAN(IF('OB History'!B:B=A36, 'OB History'!C:C))} -> 14 | K36: {=MAX(IF('OB History'!B:B=A36, 'OB History'!C:C))} -> 22 | L36: =COUNTIFS('OB History'!B:B,A36,'OB History'!D:D, 1) -> 7 | M36: =COUNTIFS('OB History'!B:B,A36,'OB History'!D:D, 0) -> 10 | N36: =LOOKUP(2, 1/('OB History'!$B:$B=A36), 'OB History'!$AD:$AD) -> 0.41176471 | O36: =SUMIFS('OB History'!F:F,'OB History'!B:B,A36) -> 35 | P36: =SUMIFS('OB History'!E:E,'OB History'!B:B,A36)-O36 -> 38 | Q36: =LOOKUP(2, 1/('OB History'!$B:$B=A36), 'OB History'!$AB:$AB) -> 0.48235294 | R36: =SUMIFS('OB History'!H:H,'OB History'!B:B,'Old Bow v2'!A36) -> 146 | S36: =SUMIFS('OB History'!G:G,'OB History'!B:B,'Old Bow v2'!A36)-R36 -> 152 | T36: =LOOKUP(2, 1/('OB History'!$B:$B=A36), 'OB History'!$AC:$AC) -> 0.48941176 | U36: =COUNTIFS('OB History'!$B:$B,$A$36,'OB History'!K:K, 1) -> 6 | V36: =COUNTIFS('OB History'!$B:$B,$A$36,'OB History'!L:L, 1) -> 1 | W36: =COUNTIFS('OB History'!$B:$B,$A$36,'OB History'!M:M, 1) -> 0 | X36: =COUNTIFS('OB History'!$B:$B,$A$36,'OB History'!N:N, 1) -> 3 | Y36: =COUNTIFS('OB History'!$B:$B,$A$36,'OB History'!O:O, 1) -> 0 | Z36: =COUNTIFS('OB History'!$B:$B,$A$36,'OB History'!P:P, 1) -> 3 | AA36: =COUNTIFS('OB History'!$B:$B,$A$36,'OB History'!Q:Q, 1) -> 0 | AB36: =COUNTIFS('OB History'!$B:$B,$A$36,'OB History'!R:R, 1) -> 1 | AC36: =COUNTIFS('OB History'!$B:$B,$A$36,'OB History'!S:S, 1) -> 0 | AD36: =COUNTIFS('OB History'!$B:$B,$A$36,'OB History'!T:T, 1) -> 0 | AE36: =COUNTIFS('OB History'!$B:$B,$A$36,'OB History'!U:U, 1) -> 0 | AF36: =COUNTIFS('OB History'!$B:$B,$A$36,'OB History'!V:V, 1) -> 2 | AG36: =COUNTIFS('OB History'!$B:$B,$A$36,'OB History'!W:W, 1) -> 5 | AH36: =COUNTIFS('OB History'!$B:$B,$A$36,'OB History'!X:X, 1) -> 5 | AI36: =COUNTIFS('OB History'!$B:$B,$A$36,'OB History'!Y:Y, 1) -> 3 | AJ36: =COUNTIFS('OB History'!$B:$B,$A$36,'OB History'!Z:Z, 1) -> 6
A37: Mamba | B37: 🏆 | C37: - | H37: =SUMIFS('OB History'!C:C,'OB History'!B:B,A37) -> 847 | I37: =AVERAGEIFS('OB History'!C:C,'OB History'!B:B,A37) -> 15.685185 | J37: {=MEDIAN(IF('OB History'!B:B=A37, 'OB History'!C:C))} -> 15 | K37: {=MAX(IF('OB History'!B:B=A37, 'OB History'!C:C))} -> 37 | L37: =COUNTIFS('OB History'!B:B,A37,'OB History'!D:D, 1) -> 20 | M37: =COUNTIFS('OB History'!B:B,A37,'OB History'!D:D, 0) -> 34 | N37: =LOOKUP(2, 1/('OB History'!$B:$B=A37), 'OB History'!$AD:$AD) -> 0.37037037 | O37: =SUMIFS('OB History'!F:F,'OB History'!B:B,A37) -> 101 | P37: =SUMIFS('OB History'!E:E,'OB History'!B:B,A37)-O37 -> 126 | Q37: =LOOKUP(2, 1/('OB History'!$B:$B=A37), 'OB History'!$AB:$AB) -> 0.43425926 | R37: =SUMIFS('OB History'!H:H,'OB History'!B:B,'Old Bow v2'!A37) -> 454 | S37: =SUMIFS('OB History'!G:G,'OB History'!B:B,'Old Bow v2'!A37)-R37 -> 492 | T37: =LOOKUP(2, 1/('OB History'!$B:$B=A37), 'OB History'!$AC:$AC) -> 0.47203704 | U37: =COUNTIFS('OB History'!$B:$B,$A$37,'OB History'!K:K, 1) -> 11 | V37: =COUNTIFS('OB History'!$B:$B,$A$37,'OB History'!L:L, 1) -> 7 | W37: =COUNTIFS('OB History'!$B:$B,$A$37,'OB History'!M:M, 1) -> 2 | X37: =COUNTIFS('OB History'!$B:$B,$A$37,'OB History'!N:N, 1) -> 15 | Y37: =COUNTIFS('OB History'!$B:$B,$A$37,'OB History'!O:O, 1) -> 0 | Z37: =COUNTIFS('OB History'!$B:$B,$A$37,'OB History'!P:P, 1) -> 9 | AA37: =COUNTIFS('OB History'!$B:$B,$A$37,'OB History'!Q:Q, 1) -> 2 | AB37: =COUNTIFS('OB History'!$B:$B,$A$37,'OB History'!R:R, 1) -> 3 | AC37: =COUNTIFS('OB History'!$B:$B,$A$37,'OB History'!S:S, 1) -> 0 | AD37: =COUNTIFS('OB History'!$B:$B,$A$37,'OB History'!T:T, 1) -> 1 | AE37: =COUNTIFS('OB History'!$B:$B,$A$37,'OB History'!U:U, 1) -> 1 | AF37: =COUNTIFS('OB History'!$B:$B,$A$37,'OB History'!V:V, 1) -> 3 | AG37: =COUNTIFS('OB History'!$B:$B,$A$37,'OB History'!W:W, 1) -> 12 | AH37: =COUNTIFS('OB History'!$B:$B,$A$37,'OB History'!X:X, 1) -> 13 | AI37: =COUNTIFS('OB History'!$B:$B,$A$37,'OB History'!Y:Y, 1) -> 9 | AJ37: =COUNTIFS('OB History'!$B:$B,$A$37,'OB History'!Z:Z, 1) -> 13
A38: Mariners | B38: - | C38: - | H38: =SUMIFS('OB History'!C:C,'OB History'!B:B,A38) -> 17 | I38: =AVERAGEIFS('OB History'!C:C,'OB History'!B:B,A38) -> 5.6666667 | J38: {=MEDIAN(IF('OB History'!B:B=A38, 'OB History'!C:C))} -> 7 | K38: {=MAX(IF('OB History'!B:B=A38, 'OB History'!C:C))} -> 9 | L38: =COUNTIFS('OB History'!B:B,A38,'OB History'!D:D, 1) -> 1 | M38: =COUNTIFS('OB History'!B:B,A38,'OB History'!D:D, 0) -> 2 | N38: =LOOKUP(2, 1/('OB History'!$B:$B=A38), 'OB History'!$AD:$AD) -> 0.33333333 | O38: =SUMIFS('OB History'!F:F,'OB History'!B:B,A38) -> 4 | P38: =SUMIFS('OB History'!E:E,'OB History'!B:B,A38)-O38 -> 6 | Q38: =LOOKUP(2, 1/('OB History'!$B:$B=A38), 'OB History'!$AB:$AB) -> 0.41666667 | R38: =SUMIFS('OB History'!H:H,'OB History'!B:B,'Old Bow v2'!A38) -> 18 | S38: =SUMIFS('OB History'!G:G,'OB History'!B:B,'Old Bow v2'!A38)-R38 -> 22 | T38: =LOOKUP(2, 1/('OB History'!$B:$B=A38), 'OB History'!$AC:$AC) -> 0.44666667 | U38: =COUNTIFS('OB History'!$B:$B,$A$38,'OB History'!K:K, 1) -> 0 | V38: =COUNTIFS('OB History'!$B:$B,$A$38,'OB History'!L:L, 1) -> 0 | W38: =COUNTIFS('OB History'!$B:$B,$A$38,'OB History'!M:M, 1) -> 0 | X38: =COUNTIFS('OB History'!$B:$B,$A$38,'OB History'!N:N, 1) -> 0 | Y38: =COUNTIFS('OB History'!$B:$B,$A$38,'OB History'!O:O, 1) -> 0 | Z38: =COUNTIFS('OB History'!$B:$B,$A$38,'OB History'!P:P, 1) -> 0 | AA38: =COUNTIFS('OB History'!$B:$B,$A$38,'OB History'!Q:Q, 1) -> 0 | AB38: =COUNTIFS('OB History'!$B:$B,$A$38,'OB History'!R:R, 1) -> 0 | AC38: =COUNTIFS('OB History'!$B:$B,$A$38,'OB History'!S:S, 1) -> 0 | AD38: =COUNTIFS('OB History'!$B:$B,$A$38,'OB History'!T:T, 1) -> 0 | AE38: =COUNTIFS('OB History'!$B:$B,$A$38,'OB History'!U:U, 1) -> 0 | AF38: =COUNTIFS('OB History'!$B:$B,$A$38,'OB History'!V:V, 1) -> 1 | AG38: =COUNTIFS('OB History'!$B:$B,$A$38,'OB History'!W:W, 1) -> 0 | AH38: =COUNTIFS('OB History'!$B:$B,$A$38,'OB History'!X:X, 1) -> 1 | AI38: =COUNTIFS('OB History'!$B:$B,$A$38,'OB History'!Y:Y, 1) -> 0 | AJ38: =COUNTIFS('OB History'!$B:$B,$A$38,'OB History'!Z:Z, 1) -> 2
A39: Matty | B39: - | C39: - | H39: =SUMIFS('OB History'!C:C,'OB History'!B:B,A39) -> 23 | I39: =AVERAGEIFS('OB History'!C:C,'OB History'!B:B,A39) -> 4.6 | J39: {=MEDIAN(IF('OB History'!B:B=A39, 'OB History'!C:C))} -> 5 | K39: {=MAX(IF('OB History'!B:B=A39, 'OB History'!C:C))} -> 6 | L39: =COUNTIFS('OB History'!B:B,A39,'OB History'!D:D, 1) -> 3 | M39: =COUNTIFS('OB History'!B:B,A39,'OB History'!D:D, 0) -> 2 | N39: =LOOKUP(2, 1/('OB History'!$B:$B=A39), 'OB History'!$AD:$AD) -> 0.6 | O39: =SUMIFS('OB History'!F:F,'OB History'!B:B,A39) -> 11 | P39: =SUMIFS('OB History'!E:E,'OB History'!B:B,A39)-O39 -> 9 | Q39: =LOOKUP(2, 1/('OB History'!$B:$B=A39), 'OB History'!$AB:$AB) -> 0.55 | R39: =SUMIFS('OB History'!H:H,'OB History'!B:B,'Old Bow v2'!A39) -> 46 | S39: =SUMIFS('OB History'!G:G,'OB History'!B:B,'Old Bow v2'!A39)-R39 -> 38 | T39: =LOOKUP(2, 1/('OB History'!$B:$B=A39), 'OB History'!$AC:$AC) -> 0.552 | U39: =COUNTIFS('OB History'!$B:$B,$A$39,'OB History'!K:K, 1) -> 1 | V39: =COUNTIFS('OB History'!$B:$B,$A$39,'OB History'!L:L, 1) -> 2 | W39: =COUNTIFS('OB History'!$B:$B,$A$39,'OB History'!M:M, 1) -> 1 | X39: =COUNTIFS('OB History'!$B:$B,$A$39,'OB History'!N:N, 1) -> 0 | Y39: =COUNTIFS('OB History'!$B:$B,$A$39,'OB History'!O:O, 1) -> 0 | Z39: =COUNTIFS('OB History'!$B:$B,$A$39,'OB History'!P:P, 1) -> 0 | AA39: =COUNTIFS('OB History'!$B:$B,$A$39,'OB History'!Q:Q, 1) -> 0 | AB39: =COUNTIFS('OB History'!$B:$B,$A$39,'OB History'!R:R, 1) -> 0 | AC39: =COUNTIFS('OB History'!$B:$B,$A$39,'OB History'!S:S, 1) -> 0 | AD39: =COUNTIFS('OB History'!$B:$B,$A$39,'OB History'!T:T, 1) -> 0 | AE39: =COUNTIFS('OB History'!$B:$B,$A$39,'OB History'!U:U, 1) -> 0 | AF39: =COUNTIFS('OB History'!$B:$B,$A$39,'OB History'!V:V, 1) -> 0 | AG39: =COUNTIFS('OB History'!$B:$B,$A$39,'OB History'!W:W, 1) -> 2 | AH39: =COUNTIFS('OB History'!$B:$B,$A$39,'OB History'!X:X, 1) -> 3 | AI39: =COUNTIFS('OB History'!$B:$B,$A$39,'OB History'!Y:Y, 1) -> 0 | AJ39: =COUNTIFS('OB History'!$B:$B,$A$39,'OB History'!Z:Z, 1) -> 2
A40: MeatMan | B40: - | C40: - | H40: =SUMIFS('OB History'!C:C,'OB History'!B:B,A40) -> 178 | I40: =AVERAGEIFS('OB History'!C:C,'OB History'!B:B,A40) -> 8.9 | J40: {=MEDIAN(IF('OB History'!B:B=A40, 'OB History'!C:C))} -> 8.5 | K40: {=MAX(IF('OB History'!B:B=A40, 'OB History'!C:C))} -> 21 | L40: =COUNTIFS('OB History'!B:B,A40,'OB History'!D:D, 1) -> 10 | M40: =COUNTIFS('OB History'!B:B,A40,'OB History'!D:D, 0) -> 10 | N40: =LOOKUP(2, 1/('OB History'!$B:$B=A40), 'OB History'!$AD:$AD) -> 0.5 | O40: =SUMIFS('OB History'!F:F,'OB History'!B:B,A40) -> 42 | P40: =SUMIFS('OB History'!E:E,'OB History'!B:B,A40)-O40 -> 44 | Q40: =LOOKUP(2, 1/('OB History'!$B:$B=A40), 'OB History'!$AB:$AB) -> 0.48 | R40: =SUMIFS('OB History'!H:H,'OB History'!B:B,'Old Bow v2'!A40) -> 173 | S40: =SUMIFS('OB History'!G:G,'OB History'!B:B,'Old Bow v2'!A40)-R40 -> 185 | T40: =LOOKUP(2, 1/('OB History'!$B:$B=A40), 'OB History'!$AC:$AC) -> 0.4765 | U40: =COUNTIFS('OB History'!$B:$B,$A$40,'OB History'!K:K, 1) -> 7 | V40: =COUNTIFS('OB History'!$B:$B,$A$40,'OB History'!L:L, 1) -> 3 | W40: =COUNTIFS('OB History'!$B:$B,$A$40,'OB History'!M:M, 1) -> 2 | X40: =COUNTIFS('OB History'!$B:$B,$A$40,'OB History'!N:N, 1) -> 5 | Y40: =COUNTIFS('OB History'!$B:$B,$A$40,'OB History'!O:O, 1) -> 1 | Z40: =COUNTIFS('OB History'!$B:$B,$A$40,'OB History'!P:P, 1) -> 2 | AA40: =COUNTIFS('OB History'!$B:$B,$A$40,'OB History'!Q:Q, 1) -> 0 | AB40: =COUNTIFS('OB History'!$B:$B,$A$40,'OB History'!R:R, 1) -> 0 | AC40: =COUNTIFS('OB History'!$B:$B,$A$40,'OB History'!S:S, 1) -> 0 | AD40: =COUNTIFS('OB History'!$B:$B,$A$40,'OB History'!T:T, 1) -> 0 | AE40: =COUNTIFS('OB History'!$B:$B,$A$40,'OB History'!U:U, 1) -> 0 | AF40: =COUNTIFS('OB History'!$B:$B,$A$40,'OB History'!V:V, 1) -> 1 | AG40: =COUNTIFS('OB History'!$B:$B,$A$40,'OB History'!W:W, 1) -> 6 | AH40: =COUNTIFS('OB History'!$B:$B,$A$40,'OB History'!X:X, 1) -> 5 | AI40: =COUNTIFS('OB History'!$B:$B,$A$40,'OB History'!Y:Y, 1) -> 4 | AJ40: =COUNTIFS('OB History'!$B:$B,$A$40,'OB History'!Z:Z, 1) -> 6
A41: Merk N U | B41: 🏆 | C41: 👑 | E41: 3 | H41: =SUMIFS('OB History'!C:C,'OB History'!B:B,A41) -> 920 | I41: =AVERAGEIFS('OB History'!C:C,'OB History'!B:B,A41) -> 21.904762 | J41: {=MEDIAN(IF('OB History'!B:B=A41, 'OB History'!C:C))} -> 21 | K41: {=MAX(IF('OB History'!B:B=A41, 'OB History'!C:C))} -> 44 | L41: =COUNTIFS('OB History'!B:B,A41,'OB History'!D:D, 1) -> 22 | M41: =COUNTIFS('OB History'!B:B,A41,'OB History'!D:D, 0) -> 20 | N41: =LOOKUP(2, 1/('OB History'!$B:$B=A41), 'OB History'!$AD:$AD) -> 0.52380952 | O41: =SUMIFS('OB History'!F:F,'OB History'!B:B,A41) -> 84 | P41: =SUMIFS('OB History'!E:E,'OB History'!B:B,A41)-O41 -> 88 | Q41: =LOOKUP(2, 1/('OB History'!$B:$B=A41), 'OB History'!$AB:$AB) -> 0.48095238 | R41: =SUMIFS('OB History'!H:H,'OB History'!B:B,'Old Bow v2'!A41) -> 343 | S41: =SUMIFS('OB History'!G:G,'OB History'!B:B,'Old Bow v2'!A41)-R41 -> 357 | T41: =LOOKUP(2, 1/('OB History'!$B:$B=A41), 'OB History'!$AC:$AC) -> 0.48642857 | U41: =COUNTIFS('OB History'!$B:$B,$A$41,'OB History'!K:K, 1) -> 9 | V41: =COUNTIFS('OB History'!$B:$B,$A$41,'OB History'!L:L, 1) -> 9 | W41: =COUNTIFS('OB History'!$B:$B,$A$41,'OB History'!M:M, 1) -> 1 | X41: =COUNTIFS('OB History'!$B:$B,$A$41,'OB History'!N:N, 1) -> 5 | Y41: =COUNTIFS('OB History'!$B:$B,$A$41,'OB History'!O:O, 1) -> 5 | Z41: =COUNTIFS('OB History'!$B:$B,$A$41,'OB History'!P:P, 1) -> 5 | AA41: =COUNTIFS('OB History'!$B:$B,$A$41,'OB History'!Q:Q, 1) -> 7 | AB41: =COUNTIFS('OB History'!$B:$B,$A$41,'OB History'!R:R, 1) -> 1 | AC41: =COUNTIFS('OB History'!$B:$B,$A$41,'OB History'!S:S, 1) -> 0 | AD41: =COUNTIFS('OB History'!$B:$B,$A$41,'OB History'!T:T, 1) -> 0 | AE41: =COUNTIFS('OB History'!$B:$B,$A$41,'OB History'!U:U, 1) -> 2 | AF41: =COUNTIFS('OB History'!$B:$B,$A$41,'OB History'!V:V, 1) -> 2 | AG41: =COUNTIFS('OB History'!$B:$B,$A$41,'OB History'!W:W, 1) -> 3 | AH41: =COUNTIFS('OB History'!$B:$B,$A$41,'OB History'!X:X, 1) -> 9 | AI41: =COUNTIFS('OB History'!$B:$B,$A$41,'OB History'!Y:Y, 1) -> 15 | AJ41: =COUNTIFS('OB History'!$B:$B,$A$41,'OB History'!Z:Z, 1) -> 11
A42: Money | B42: - | C42: - | D42: 5 | E42: 1 | H42: =SUMIFS('OB History'!C:C,'OB History'!B:B,A42) -> 1508 | I42: =AVERAGEIFS('OB History'!C:C,'OB History'!B:B,A42) -> 14.226415 | J42: {=MEDIAN(IF('OB History'!B:B=A42, 'OB History'!C:C))} -> 13 | K42: {=MAX(IF('OB History'!B:B=A42, 'OB History'!C:C))} -> 31 | L42: =COUNTIFS('OB History'!B:B,A42,'OB History'!D:D, 1) -> 54 | M42: =COUNTIFS('OB History'!B:B,A42,'OB History'!D:D, 0) -> 52 | N42: =LOOKUP(2, 1/('OB History'!$B:$B=A42), 'OB History'!$AD:$AD) -> 0.50943396 | O42: =SUMIFS('OB History'!F:F,'OB History'!B:B,A42) -> 220 | P42: =SUMIFS('OB History'!E:E,'OB History'!B:B,A42)-O42 -> 213 | Q42: =LOOKUP(2, 1/('OB History'!$B:$B=A42), 'OB History'!$AB:$AB) -> 0.51962264 | R42: =SUMIFS('OB History'!H:H,'OB History'!B:B,'Old Bow v2'!A42) -> 897 | S42: =SUMIFS('OB History'!G:G,'OB History'!B:B,'Old Bow v2'!A42)-R42 -> 894 | T42: =LOOKUP(2, 1/('OB History'!$B:$B=A42), 'OB History'!$AC:$AC) -> 0.50622642 | U42: =COUNTIFS('OB History'!$B:$B,$A$42,'OB History'!K:K, 1) -> 15 | V42: =COUNTIFS('OB History'!$B:$B,$A$42,'OB History'!L:L, 1) -> 20 | W42: =COUNTIFS('OB History'!$B:$B,$A$42,'OB History'!M:M, 1) -> 3 | X42: =COUNTIFS('OB History'!$B:$B,$A$42,'OB History'!N:N, 1) -> 25 | Y42: =COUNTIFS('OB History'!$B:$B,$A$42,'OB History'!O:O, 1) -> 1 | Z42: =COUNTIFS('OB History'!$B:$B,$A$42,'OB History'!P:P, 1) -> 10 | AA42: =COUNTIFS('OB History'!$B:$B,$A$42,'OB History'!Q:Q, 1) -> 7 | AB42: =COUNTIFS('OB History'!$B:$B,$A$42,'OB History'!R:R, 1) -> 8 | AC42: =COUNTIFS('OB History'!$B:$B,$A$42,'OB History'!S:S, 1) -> 3 | AD42: =COUNTIFS('OB History'!$B:$B,$A$42,'OB History'!T:T, 1) -> 3 | AE42: =COUNTIFS('OB History'!$B:$B,$A$42,'OB History'!U:U, 1) -> 2 | AF42: =COUNTIFS('OB History'!$B:$B,$A$42,'OB History'!V:V, 1) -> 2 | AG42: =COUNTIFS('OB History'!$B:$B,$A$42,'OB History'!W:W, 1) -> 11 | AH42: =COUNTIFS('OB History'!$B:$B,$A$42,'OB History'!X:X, 1) -> 50 | AI42: =COUNTIFS('OB History'!$B:$B,$A$42,'OB History'!Y:Y, 1) -> 32 | AJ42: =COUNTIFS('OB History'!$B:$B,$A$42,'OB History'!Z:Z, 1) -> 27
A43: Motion | B43: - | C43: - | D43: 5 | E43: 1 | H43: =SUMIFS('OB History'!C:C,'OB History'!B:B,A43) -> 1638 | I43: =AVERAGEIFS('OB History'!C:C,'OB History'!B:B,A43) -> 23.4 | J43: {=MEDIAN(IF('OB History'!B:B=A43, 'OB History'!C:C))} -> 22.5 | K43: {=MAX(IF('OB History'!B:B=A43, 'OB History'!C:C))} -> 55 | L43: =COUNTIFS('OB History'!B:B,A43,'OB History'!D:D, 1) -> 26 | M43: =COUNTIFS('OB History'!B:B,A43,'OB History'!D:D, 0) -> 44 | N43: =LOOKUP(2, 1/('OB History'!$B:$B=A43), 'OB History'!$AD:$AD) -> 0.37142857 | O43: =SUMIFS('OB History'!F:F,'OB History'!B:B,A43) -> 125 | P43: =SUMIFS('OB History'!E:E,'OB History'!B:B,A43)-O43 -> 160 | Q43: =LOOKUP(2, 1/('OB History'!$B:$B=A43), 'OB History'!$AB:$AB) -> 0.43285714 | R43: =SUMIFS('OB History'!H:H,'OB History'!B:B,'Old Bow v2'!A43) -> 563 | S43: =SUMIFS('OB History'!G:G,'OB History'!B:B,'Old Bow v2'!A43)-R43 -> 625 | T43: =LOOKUP(2, 1/('OB History'!$B:$B=A43), 'OB History'!$AC:$AC) -> 0.47171429 | U43: =COUNTIFS('OB History'!$B:$B,$A$43,'OB History'!K:K, 1) -> 9 | V43: =COUNTIFS('OB History'!$B:$B,$A$43,'OB History'!L:L, 1) -> 6 | W43: =COUNTIFS('OB History'!$B:$B,$A$43,'OB History'!M:M, 1) -> 0 | X43: =COUNTIFS('OB History'!$B:$B,$A$43,'OB History'!N:N, 1) -> 18 | Y43: =COUNTIFS('OB History'!$B:$B,$A$43,'OB History'!O:O, 1) -> 2 | Z43: =COUNTIFS('OB History'!$B:$B,$A$43,'OB History'!P:P, 1) -> 10 | AA43: =COUNTIFS('OB History'!$B:$B,$A$43,'OB History'!Q:Q, 1) -> 5 | AB43: =COUNTIFS('OB History'!$B:$B,$A$43,'OB History'!R:R, 1) -> 3 | AC43: =COUNTIFS('OB History'!$B:$B,$A$43,'OB History'!S:S, 1) -> 1 | AD43: =COUNTIFS('OB History'!$B:$B,$A$43,'OB History'!T:T, 1) -> 2 | AE43: =COUNTIFS('OB History'!$B:$B,$A$43,'OB History'!U:U, 1) -> 2 | AF43: =COUNTIFS('OB History'!$B:$B,$A$43,'OB History'!V:V, 1) -> 1 | AG43: =COUNTIFS('OB History'!$B:$B,$A$43,'OB History'!W:W, 1) -> 11 | AH43: =COUNTIFS('OB History'!$B:$B,$A$43,'OB History'!X:X, 1) -> 25 | AI43: =COUNTIFS('OB History'!$B:$B,$A$43,'OB History'!Y:Y, 1) -> 15 | AJ43: =COUNTIFS('OB History'!$B:$B,$A$43,'OB History'!Z:Z, 1) -> 15
A44: Muddlehead | B44: - | C44: - | H44: =SUMIFS('OB History'!C:C,'OB History'!B:B,A44) -> 3 | I44: =AVERAGEIFS('OB History'!C:C,'OB History'!B:B,A44) -> 3 | J44: {=MEDIAN(IF('OB History'!B:B=A44, 'OB History'!C:C))} -> 3 | K44: {=MAX(IF('OB History'!B:B=A44, 'OB History'!C:C))} -> 3 | L44: =COUNTIFS('OB History'!B:B,A44,'OB History'!D:D, 1) -> 1 | M44: =COUNTIFS('OB History'!B:B,A44,'OB History'!D:D, 0) -> 0 | N44: =LOOKUP(2, 1/('OB History'!$B:$B=A44), 'OB History'!$AD:$AD) -> 1 | O44: =SUMIFS('OB History'!F:F,'OB History'!B:B,A44) -> 3 | P44: =SUMIFS('OB History'!E:E,'OB History'!B:B,A44)-O44 -> 2 | Q44: =LOOKUP(2, 1/('OB History'!$B:$B=A44), 'OB History'!$AB:$AB) -> 0.6 | R44: =SUMIFS('OB History'!H:H,'OB History'!B:B,'Old Bow v2'!A44) -> 11 | S44: =SUMIFS('OB History'!G:G,'OB History'!B:B,'Old Bow v2'!A44)-R44 -> 10 | T44: =LOOKUP(2, 1/('OB History'!$B:$B=A44), 'OB History'!$AC:$AC) -> 0.52 | U44: =COUNTIFS('OB History'!$B:$B,$A$44,'OB History'!K:K, 1) -> 1 | V44: =COUNTIFS('OB History'!$B:$B,$A$44,'OB History'!L:L, 1) -> 0 | W44: =COUNTIFS('OB History'!$B:$B,$A$44,'OB History'!M:M, 1) -> 0 | X44: =COUNTIFS('OB History'!$B:$B,$A$44,'OB History'!N:N, 1) -> 0 | Y44: =COUNTIFS('OB History'!$B:$B,$A$44,'OB History'!O:O, 1) -> 0 | Z44: =COUNTIFS('OB History'!$B:$B,$A$44,'OB History'!P:P, 1) -> 0 | AA44: =COUNTIFS('OB History'!$B:$B,$A$44,'OB History'!Q:Q, 1) -> 0 | AB44: =COUNTIFS('OB History'!$B:$B,$A$44,'OB History'!R:R, 1) -> 0 | AC44: =COUNTIFS('OB History'!$B:$B,$A$44,'OB History'!S:S, 1) -> 0 | AD44: =COUNTIFS('OB History'!$B:$B,$A$44,'OB History'!T:T, 1) -> 0 | AE44: =COUNTIFS('OB History'!$B:$B,$A$44,'OB History'!U:U, 1) -> 0 | AF44: =COUNTIFS('OB History'!$B:$B,$A$44,'OB History'!V:V, 1) -> 0 | AG44: =COUNTIFS('OB History'!$B:$B,$A$44,'OB History'!W:W, 1) -> 0 | AH44: =COUNTIFS('OB History'!$B:$B,$A$44,'OB History'!X:X, 1) -> 0 | AI44: =COUNTIFS('OB History'!$B:$B,$A$44,'OB History'!Y:Y, 1) -> 1 | AJ44: =COUNTIFS('OB History'!$B:$B,$A$44,'OB History'!Z:Z, 1) -> 1
A45: Murkin | B45: 🏆 | C45: - | D45: 1 | F45: 1 | H45: =SUMIFS('OB History'!C:C,'OB History'!B:B,A45) -> 392 | I45: =AVERAGEIFS('OB History'!C:C,'OB History'!B:B,A45) -> 14 | J45: {=MEDIAN(IF('OB History'!B:B=A45, 'OB History'!C:C))} -> 13.5 | K45: {=MAX(IF('OB History'!B:B=A45, 'OB History'!C:C))} -> 26 | L45: =COUNTIFS('OB History'!B:B,A45,'OB History'!D:D, 1) -> 15 | M45: =COUNTIFS('OB History'!B:B,A45,'OB History'!D:D, 0) -> 13 | N45: =LOOKUP(2, 1/('OB History'!$B:$B=A45), 'OB History'!$AD:$AD) -> 0.53571429 | O45: =SUMIFS('OB History'!F:F,'OB History'!B:B,A45) -> 63 | P45: =SUMIFS('OB History'!E:E,'OB History'!B:B,A45)-O45 -> 57 | Q45: =LOOKUP(2, 1/('OB History'!$B:$B=A45), 'OB History'!$AB:$AB) -> 0.52857143 | R45: =SUMIFS('OB History'!H:H,'OB History'!B:B,'Old Bow v2'!A45) -> 250 | S45: =SUMIFS('OB History'!G:G,'OB History'!B:B,'Old Bow v2'!A45)-R45 -> 250 | T45: =LOOKUP(2, 1/('OB History'!$B:$B=A45), 'OB History'!$AC:$AC) -> 0.50785714 | U45: =COUNTIFS('OB History'!$B:$B,$A$45,'OB History'!K:K, 1) -> 7 | V45: =COUNTIFS('OB History'!$B:$B,$A$45,'OB History'!L:L, 1) -> 9 | W45: =COUNTIFS('OB History'!$B:$B,$A$45,'OB History'!M:M, 1) -> 1 | X45: =COUNTIFS('OB History'!$B:$B,$A$45,'OB History'!N:N, 1) -> 3 | Y45: =COUNTIFS('OB History'!$B:$B,$A$45,'OB History'!O:O, 1) -> 4 | Z45: =COUNTIFS('OB History'!$B:$B,$A$45,'OB History'!P:P, 1) -> 6 | AA45: =COUNTIFS('OB History'!$B:$B,$A$45,'OB History'!Q:Q, 1) -> 1 | AB45: =COUNTIFS('OB History'!$B:$B,$A$45,'OB History'!R:R, 1) -> 2 | AC45: =COUNTIFS('OB History'!$B:$B,$A$45,'OB History'!S:S, 1) -> 0 | AD45: =COUNTIFS('OB History'!$B:$B,$A$45,'OB History'!T:T, 1) -> 0 | AE45: =COUNTIFS('OB History'!$B:$B,$A$45,'OB History'!U:U, 1) -> 1 | AF45: =COUNTIFS('OB History'!$B:$B,$A$45,'OB History'!V:V, 1) -> 0 | AG45: =COUNTIFS('OB History'!$B:$B,$A$45,'OB History'!W:W, 1) -> 2 | AH45: =COUNTIFS('OB History'!$B:$B,$A$45,'OB History'!X:X, 1) -> 8 | AI45: =COUNTIFS('OB History'!$B:$B,$A$45,'OB History'!Y:Y, 1) -> 10 | AJ45: =COUNTIFS('OB History'!$B:$B,$A$45,'OB History'!Z:Z, 1) -> 8
A46: NinjaX | B46: - | C46: - | H46: =SUMIFS('OB History'!C:C,'OB History'!B:B,A46) -> 4 | I46: =AVERAGEIFS('OB History'!C:C,'OB History'!B:B,A46) -> 4 | J46: {=MEDIAN(IF('OB History'!B:B=A46, 'OB History'!C:C))} -> 4 | K46: {=MAX(IF('OB History'!B:B=A46, 'OB History'!C:C))} -> 4 | L46: =COUNTIFS('OB History'!B:B,A46,'OB History'!D:D, 1) -> 1 | M46: =COUNTIFS('OB History'!B:B,A46,'OB History'!D:D, 0) -> 0 | N46: =LOOKUP(2, 1/('OB History'!$B:$B=A46), 'OB History'!$AD:$AD) -> 1 | O46: =SUMIFS('OB History'!F:F,'OB History'!B:B,A46) -> 3 | P46: =SUMIFS('OB History'!E:E,'OB History'!B:B,A46)-O46 -> 0 | Q46: =LOOKUP(2, 1/('OB History'!$B:$B=A46), 'OB History'!$AB:$AB) -> 1 | R46: =SUMIFS('OB History'!H:H,'OB History'!B:B,'Old Bow v2'!A46) -> 9 | S46: =SUMIFS('OB History'!G:G,'OB History'!B:B,'Old Bow v2'!A46)-R46 -> 4 | T46: =LOOKUP(2, 1/('OB History'!$B:$B=A46), 'OB History'!$AC:$AC) -> 0.69 | U46: =COUNTIFS('OB History'!$B:$B,$A$46,'OB History'!K:K, 1) -> 0 | V46: =COUNTIFS('OB History'!$B:$B,$A$46,'OB History'!L:L, 1) -> 0 | W46: =COUNTIFS('OB History'!$B:$B,$A$46,'OB History'!M:M, 1) -> 0 | X46: =COUNTIFS('OB History'!$B:$B,$A$46,'OB History'!N:N, 1) -> 0 | Y46: =COUNTIFS('OB History'!$B:$B,$A$46,'OB History'!O:O, 1) -> 0 | Z46: =COUNTIFS('OB History'!$B:$B,$A$46,'OB History'!P:P, 1) -> 1 | AA46: =COUNTIFS('OB History'!$B:$B,$A$46,'OB History'!Q:Q, 1) -> 0 | AB46: =COUNTIFS('OB History'!$B:$B,$A$46,'OB History'!R:R, 1) -> 0 | AC46: =COUNTIFS('OB History'!$B:$B,$A$46,'OB History'!S:S, 1) -> 0 | AD46: =COUNTIFS('OB History'!$B:$B,$A$46,'OB History'!T:T, 1) -> 0 | AE46: =COUNTIFS('OB History'!$B:$B,$A$46,'OB History'!U:U, 1) -> 0 | AF46: =COUNTIFS('OB History'!$B:$B,$A$46,'OB History'!V:V, 1) -> 0 | AG46: =COUNTIFS('OB History'!$B:$B,$A$46,'OB History'!W:W, 1) -> 0 | AH46: =COUNTIFS('OB History'!$B:$B,$A$46,'OB History'!X:X, 1) -> 1 | AI46: =COUNTIFS('OB History'!$B:$B,$A$46,'OB History'!Y:Y, 1) -> 0 | AJ46: =COUNTIFS('OB History'!$B:$B,$A$46,'OB History'!Z:Z, 1) -> 1
A47: Pancake | B47: 🏆🏆 | C47: 👑 | D47: 11 | E47: 5 | F47: 1 | H47: =SUMIFS('OB History'!C:C,'OB History'!B:B,A47) -> 3059 | I47: =AVERAGEIFS('OB History'!C:C,'OB History'!B:B,A47) -> 25.491667 | J47: {=MEDIAN(IF('OB History'!B:B=A47, 'OB History'!C:C))} -> 24.5 | K47: {=MAX(IF('OB History'!B:B=A47, 'OB History'!C:C))} -> 58 | L47: =COUNTIFS('OB History'!B:B,A47,'OB History'!D:D, 1) -> 63 | M47: =COUNTIFS('OB History'!B:B,A47,'OB History'!D:D, 0) -> 57 | N47: =LOOKUP(2, 1/('OB History'!$B:$B=A47), 'OB History'!$AD:$AD) -> 0.525 | O47: =SUMIFS('OB History'!F:F,'OB History'!B:B,A47) -> 256 | P47: =SUMIFS('OB History'!E:E,'OB History'!B:B,A47)-O47 -> 237 | Q47: =LOOKUP(2, 1/('OB History'!$B:$B=A47), 'OB History'!$AB:$AB) -> 0.52125 | R47: =SUMIFS('OB History'!H:H,'OB History'!B:B,'Old Bow v2'!A47) -> 1046 | S47: =SUMIFS('OB History'!G:G,'OB History'!B:B,'Old Bow v2'!A47)-R47 -> 1002 | T47: =LOOKUP(2, 1/('OB History'!$B:$B=A47), 'OB History'!$AC:$AC) -> 0.51266667 | U47: =COUNTIFS('OB History'!$B:$B,$A$47,'OB History'!K:K, 1) -> 18 | V47: =COUNTIFS('OB History'!$B:$B,$A$47,'OB History'!L:L, 1) -> 21 | W47: =COUNTIFS('OB History'!$B:$B,$A$47,'OB History'!M:M, 1) -> 6 | X47: =COUNTIFS('OB History'!$B:$B,$A$47,'OB History'!N:N, 1) -> 34 | Y47: =COUNTIFS('OB History'!$B:$B,$A$47,'OB History'!O:O, 1) -> 7 | Z47: =COUNTIFS('OB History'!$B:$B,$A$47,'OB History'!P:P, 1) -> 20 | AA47: =COUNTIFS('OB History'!$B:$B,$A$47,'OB History'!Q:Q, 1) -> 9 | AB47: =COUNTIFS('OB History'!$B:$B,$A$47,'OB History'!R:R, 1) -> 13 | AC47: =COUNTIFS('OB History'!$B:$B,$A$47,'OB History'!S:S, 1) -> 2 | AD47: =COUNTIFS('OB History'!$B:$B,$A$47,'OB History'!T:T, 1) -> 5 | AE47: =COUNTIFS('OB History'!$B:$B,$A$47,'OB History'!U:U, 1) -> 3 | AF47: =COUNTIFS('OB History'!$B:$B,$A$47,'OB History'!V:V, 1) -> 5 | AG47: =COUNTIFS('OB History'!$B:$B,$A$47,'OB History'!W:W, 1) -> 20 | AH47: =COUNTIFS('OB History'!$B:$B,$A$47,'OB History'!X:X, 1) -> 33 | AI47: =COUNTIFS('OB History'!$B:$B,$A$47,'OB History'!Y:Y, 1) -> 28 | AJ47: =COUNTIFS('OB History'!$B:$B,$A$47,'OB History'!Z:Z, 1) -> 31
A48: Perception | B48: 🏆🏆 | C48: 👑 | D48: 13 | F48: 1 | H48: =SUMIFS('OB History'!C:C,'OB History'!B:B,A48) -> 2001 | I48: =AVERAGEIFS('OB History'!C:C,'OB History'!B:B,A48) -> 30.318182 | J48: {=MEDIAN(IF('OB History'!B:B=A48, 'OB History'!C:C))} -> 29 | K48: {=MAX(IF('OB History'!B:B=A48, 'OB History'!C:C))} -> 68 | L48: =COUNTIFS('OB History'!B:B,A48,'OB History'!D:D, 1) -> 42 | M48: =COUNTIFS('OB History'!B:B,A48,'OB History'!D:D, 0) -> 24 | N48: =LOOKUP(2, 1/('OB History'!$B:$B=A48), 'OB History'!$AD:$AD) -> 0.63636364 | O48: =SUMIFS('OB History'!F:F,'OB History'!B:B,A48) -> 164 | P48: =SUMIFS('OB History'!E:E,'OB History'!B:B,A48)-O48 -> 109 | Q48: =LOOKUP(2, 1/('OB History'!$B:$B=A48), 'OB History'!$AB:$AB) -> 0.6280303 | R48: =SUMIFS('OB History'!H:H,'OB History'!B:B,'Old Bow v2'!A48) -> 627 | S48: =SUMIFS('OB History'!G:G,'OB History'!B:B,'Old Bow v2'!A48)-R48 -> 505 | T48: =LOOKUP(2, 1/('OB History'!$B:$B=A48), 'OB History'!$AC:$AC) -> 0.56818182 | U48: =COUNTIFS('OB History'!$B:$B,$A$48,'OB History'!K:K, 1) -> 19 | V48: =COUNTIFS('OB History'!$B:$B,$A$48,'OB History'!L:L, 1) -> 18 | W48: =COUNTIFS('OB History'!$B:$B,$A$48,'OB History'!M:M, 1) -> 5 | X48: =COUNTIFS('OB History'!$B:$B,$A$48,'OB History'!N:N, 1) -> 21 | Y48: =COUNTIFS('OB History'!$B:$B,$A$48,'OB History'!O:O, 1) -> 3 | Z48: =COUNTIFS('OB History'!$B:$B,$A$48,'OB History'!P:P, 1) -> 11 | AA48: =COUNTIFS('OB History'!$B:$B,$A$48,'OB History'!Q:Q, 1) -> 6 | AB48: =COUNTIFS('OB History'!$B:$B,$A$48,'OB History'!R:R, 1) -> 5 | AC48: =COUNTIFS('OB History'!$B:$B,$A$48,'OB History'!S:S, 1) -> 1 | AD48: =COUNTIFS('OB History'!$B:$B,$A$48,'OB History'!T:T, 1) -> 3 | AE48: =COUNTIFS('OB History'!$B:$B,$A$48,'OB History'!U:U, 1) -> 2 | AF48: =COUNTIFS('OB History'!$B:$B,$A$48,'OB History'!V:V, 1) -> 0 | AG48: =COUNTIFS('OB History'!$B:$B,$A$48,'OB History'!W:W, 1) -> 10 | AH48: =COUNTIFS('OB History'!$B:$B,$A$48,'OB History'!X:X, 1) -> 21 | AI48: =COUNTIFS('OB History'!$B:$B,$A$48,'OB History'!Y:Y, 1) -> 19 | AJ48: =COUNTIFS('OB History'!$B:$B,$A$48,'OB History'!Z:Z, 1) -> 20
A49: Phenom | B49: 🏆 | C49: - | H49: =SUMIFS('OB History'!C:C,'OB History'!B:B,A49) -> 102 | I49: =AVERAGEIFS('OB History'!C:C,'OB History'!B:B,A49) -> 17 | J49: {=MEDIAN(IF('OB History'!B:B=A49, 'OB History'!C:C))} -> 14 | K49: {=MAX(IF('OB History'!B:B=A49, 'OB History'!C:C))} -> 29 | L49: =COUNTIFS('OB History'!B:B,A49,'OB History'!D:D, 1) -> 5 | M49: =COUNTIFS('OB History'!B:B,A49,'OB History'!D:D, 0) -> 1 | N49: =LOOKUP(2, 1/('OB History'!$B:$B=A49), 'OB History'!$AD:$AD) -> 0.83333333 | O49: =SUMIFS('OB History'!F:F,'OB History'!B:B,A49) -> 17 | P49: =SUMIFS('OB History'!E:E,'OB History'!B:B,A49)-O49 -> 11 | Q49: =LOOKUP(2, 1/('OB History'!$B:$B=A49), 'OB History'!$AB:$AB) -> 0.61666667 | R49: =SUMIFS('OB History'!H:H,'OB History'!B:B,'Old Bow v2'!A49) -> 66 | S49: =SUMIFS('OB History'!G:G,'OB History'!B:B,'Old Bow v2'!A49)-R49 -> 48 | T49: =LOOKUP(2, 1/('OB History'!$B:$B=A49), 'OB History'!$AC:$AC) -> 0.58166667 | U49: =COUNTIFS('OB History'!$B:$B,$A$49,'OB History'!K:K, 1) -> 1 | V49: =COUNTIFS('OB History'!$B:$B,$A$49,'OB History'!L:L, 1) -> 2 | W49: =COUNTIFS('OB History'!$B:$B,$A$49,'OB History'!M:M, 1) -> 1 | X49: =COUNTIFS('OB History'!$B:$B,$A$49,'OB History'!N:N, 1) -> 2 | Y49: =COUNTIFS('OB History'!$B:$B,$A$49,'OB History'!O:O, 1) -> 2 | Z49: =COUNTIFS('OB History'!$B:$B,$A$49,'OB History'!P:P, 1) -> 1 | AA49: =COUNTIFS('OB History'!$B:$B,$A$49,'OB History'!Q:Q, 1) -> 3 | AB49: =COUNTIFS('OB History'!$B:$B,$A$49,'OB History'!R:R, 1) -> 1 | AC49: =COUNTIFS('OB History'!$B:$B,$A$49,'OB History'!S:S, 1) -> 1 | AD49: =COUNTIFS('OB History'!$B:$B,$A$49,'OB History'!T:T, 1) -> 0 | AE49: =COUNTIFS('OB History'!$B:$B,$A$49,'OB History'!U:U, 1) -> 0 | AF49: =COUNTIFS('OB History'!$B:$B,$A$49,'OB History'!V:V, 1) -> 1 | AG49: =COUNTIFS('OB History'!$B:$B,$A$49,'OB History'!W:W, 1) -> 1 | AH49: =COUNTIFS('OB History'!$B:$B,$A$49,'OB History'!X:X, 1) -> 1 | AI49: =COUNTIFS('OB History'!$B:$B,$A$49,'OB History'!Y:Y, 1) -> 0 | AJ49: =COUNTIFS('OB History'!$B:$B,$A$49,'OB History'!Z:Z, 1) -> 0
A50: Poland | B50: 🏆🏆 | C50: 👑 | D50: 3 | H50: =SUMIFS('OB History'!C:C,'OB History'!B:B,A50) -> 1254 | I50: =AVERAGEIFS('OB History'!C:C,'OB History'!B:B,A50) -> 22 | J50: {=MEDIAN(IF('OB History'!B:B=A50, 'OB History'!C:C))} -> 21 | K50: {=MAX(IF('OB History'!B:B=A50, 'OB History'!C:C))} -> 51 | L50: =COUNTIFS('OB History'!B:B,A50,'OB History'!D:D, 1) -> 24 | M50: =COUNTIFS('OB History'!B:B,A50,'OB History'!D:D, 0) -> 33 | N50: =LOOKUP(2, 1/('OB History'!$B:$B=A50), 'OB History'!$AD:$AD) -> 0.42105263 | O50: =SUMIFS('OB History'!F:F,'OB History'!B:B,A50) -> 113 | P50: =SUMIFS('OB History'!E:E,'OB History'!B:B,A50)-O50 -> 128 | Q50: =LOOKUP(2, 1/('OB History'!$B:$B=A50), 'OB History'!$AB:$AB) -> 0.46491228 | R50: =SUMIFS('OB History'!H:H,'OB History'!B:B,'Old Bow v2'!A50) -> 492 | S50: =SUMIFS('OB History'!G:G,'OB History'!B:B,'Old Bow v2'!A50)-R50 -> 515 | T50: =LOOKUP(2, 1/('OB History'!$B:$B=A50), 'OB History'!$AC:$AC) -> 0.48245614 | U50: =COUNTIFS('OB History'!$B:$B,$A$50,'OB History'!K:K, 1) -> 18 | V50: =COUNTIFS('OB History'!$B:$B,$A$50,'OB History'!L:L, 1) -> 5 | W50: =COUNTIFS('OB History'!$B:$B,$A$50,'OB History'!M:M, 1) -> 7 | X50: =COUNTIFS('OB History'!$B:$B,$A$50,'OB History'!N:N, 1) -> 10 | Y50: =COUNTIFS('OB History'!$B:$B,$A$50,'OB History'!O:O, 1) -> 5 | Z50: =COUNTIFS('OB History'!$B:$B,$A$50,'OB History'!P:P, 1) -> 6 | AA50: =COUNTIFS('OB History'!$B:$B,$A$50,'OB History'!Q:Q, 1) -> 2 | AB50: =COUNTIFS('OB History'!$B:$B,$A$50,'OB History'!R:R, 1) -> 6 | AC50: =COUNTIFS('OB History'!$B:$B,$A$50,'OB History'!S:S, 1) -> 0 | AD50: =COUNTIFS('OB History'!$B:$B,$A$50,'OB History'!T:T, 1) -> 1 | AE50: =COUNTIFS('OB History'!$B:$B,$A$50,'OB History'!U:U, 1) -> 0 | AF50: =COUNTIFS('OB History'!$B:$B,$A$50,'OB History'!V:V, 1) -> 0 | AG50: =COUNTIFS('OB History'!$B:$B,$A$50,'OB History'!W:W, 1) -> 7 | AH50: =COUNTIFS('OB History'!$B:$B,$A$50,'OB History'!X:X, 1) -> 18 | AI50: =COUNTIFS('OB History'!$B:$B,$A$50,'OB History'!Y:Y, 1) -> 12 | AJ50: =COUNTIFS('OB History'!$B:$B,$A$50,'OB History'!Z:Z, 1) -> 16
A51: Predator | B51: - | C51: - | D51: 3 | H51: =SUMIFS('OB History'!C:C,'OB History'!B:B,A51) -> 729 | I51: =AVERAGEIFS('OB History'!C:C,'OB History'!B:B,A51) -> 11.95082 | J51: {=MEDIAN(IF('OB History'!B:B=A51, 'OB History'!C:C))} -> 11 | K51: {=MAX(IF('OB History'!B:B=A51, 'OB History'!C:C))} -> 28 | L51: =COUNTIFS('OB History'!B:B,A51,'OB History'!D:D, 1) -> 23 | M51: =COUNTIFS('OB History'!B:B,A51,'OB History'!D:D, 0) -> 38 | N51: =LOOKUP(2, 1/('OB History'!$B:$B=A51), 'OB History'!$AD:$AD) -> 0.37704918 | O51: =SUMIFS('OB History'!F:F,'OB History'!B:B,A51) -> 112 | P51: =SUMIFS('OB History'!E:E,'OB History'!B:B,A51)-O51 -> 142 | Q51: =LOOKUP(2, 1/('OB History'!$B:$B=A51), 'OB History'!$AB:$AB) -> 0.42459016 | R51: =SUMIFS('OB History'!H:H,'OB History'!B:B,'Old Bow v2'!A51) -> 499 | S51: =SUMIFS('OB History'!G:G,'OB History'!B:B,'Old Bow v2'!A51)-R51 -> 555 | T51: =LOOKUP(2, 1/('OB History'!$B:$B=A51), 'OB History'!$AC:$AC) -> 0.46868852 | U51: =COUNTIFS('OB History'!$B:$B,$A$51,'OB History'!K:K, 1) -> 6 | V51: =COUNTIFS('OB History'!$B:$B,$A$51,'OB History'!L:L, 1) -> 3 | W51: =COUNTIFS('OB History'!$B:$B,$A$51,'OB History'!M:M, 1) -> 5 | X51: =COUNTIFS('OB History'!$B:$B,$A$51,'OB History'!N:N, 1) -> 19 | Y51: =COUNTIFS('OB History'!$B:$B,$A$51,'OB History'!O:O, 1) -> 1 | Z51: =COUNTIFS('OB History'!$B:$B,$A$51,'OB History'!P:P, 1) -> 5 | AA51: =COUNTIFS('OB History'!$B:$B,$A$51,'OB History'!Q:Q, 1) -> 5 | AB51: =COUNTIFS('OB History'!$B:$B,$A$51,'OB History'!R:R, 1) -> 8 | AC51: =COUNTIFS('OB History'!$B:$B,$A$51,'OB History'!S:S, 1) -> 2 | AD51: =COUNTIFS('OB History'!$B:$B,$A$51,'OB History'!T:T, 1) -> 1 | AE51: =COUNTIFS('OB History'!$B:$B,$A$51,'OB History'!U:U, 1) -> 0 | AF51: =COUNTIFS('OB History'!$B:$B,$A$51,'OB History'!V:V, 1) -> 0 | AG51: =COUNTIFS('OB History'!$B:$B,$A$51,'OB History'!W:W, 1) -> 6 | AH51: =COUNTIFS('OB History'!$B:$B,$A$51,'OB History'!X:X, 1) -> 19 | AI51: =COUNTIFS('OB History'!$B:$B,$A$51,'OB History'!Y:Y, 1) -> 14 | AJ51: =COUNTIFS('OB History'!$B:$B,$A$51,'OB History'!Z:Z, 1) -> 17
A52: PROMURDER | B52: - | C52: - | H52: =SUMIFS('OB History'!C:C,'OB History'!B:B,A52) -> 72 | I52: =AVERAGEIFS('OB History'!C:C,'OB History'!B:B,A52) -> 7.2 | J52: {=MEDIAN(IF('OB History'!B:B=A52, 'OB History'!C:C))} -> 5 | K52: {=MAX(IF('OB History'!B:B=A52, 'OB History'!C:C))} -> 16 | L52: =COUNTIFS('OB History'!B:B,A52,'OB History'!D:D, 1) -> 1 | M52: =COUNTIFS('OB History'!B:B,A52,'OB History'!D:D, 0) -> 9 | N52: =LOOKUP(2, 1/('OB History'!$B:$B=A52), 'OB History'!$AD:$AD) -> 0.1 | O52: =SUMIFS('OB History'!F:F,'OB History'!B:B,A52) -> 11 | P52: =SUMIFS('OB History'!E:E,'OB History'!B:B,A52)-O52 -> 28 | Q52: =LOOKUP(2, 1/('OB History'!$B:$B=A52), 'OB History'!$AB:$AB) -> 0.255 | R52: =SUMIFS('OB History'!H:H,'OB History'!B:B,'Old Bow v2'!A52) -> 66 | S52: =SUMIFS('OB History'!G:G,'OB History'!B:B,'Old Bow v2'!A52)-R52 -> 98 | T52: =LOOKUP(2, 1/('OB History'!$B:$B=A52), 'OB History'!$AC:$AC) -> 0.386 | U52: =COUNTIFS('OB History'!$B:$B,$A$52,'OB History'!K:K, 1) -> 0 | V52: =COUNTIFS('OB History'!$B:$B,$A$52,'OB History'!L:L, 1) -> 2 | W52: =COUNTIFS('OB History'!$B:$B,$A$52,'OB History'!M:M, 1) -> 1 | X52: =COUNTIFS('OB History'!$B:$B,$A$52,'OB History'!N:N, 1) -> 0 | Y52: =COUNTIFS('OB History'!$B:$B,$A$52,'OB History'!O:O, 1) -> 0 | Z52: =COUNTIFS('OB History'!$B:$B,$A$52,'OB History'!P:P, 1) -> 0 | AA52: =COUNTIFS('OB History'!$B:$B,$A$52,'OB History'!Q:Q, 1) -> 1 | AB52: =COUNTIFS('OB History'!$B:$B,$A$52,'OB History'!R:R, 1) -> 1 | AC52: =COUNTIFS('OB History'!$B:$B,$A$52,'OB History'!S:S, 1) -> 0 | AD52: =COUNTIFS('OB History'!$B:$B,$A$52,'OB History'!T:T, 1) -> 0 | AE52: =COUNTIFS('OB History'!$B:$B,$A$52,'OB History'!U:U, 1) -> 0 | AF52: =COUNTIFS('OB History'!$B:$B,$A$52,'OB History'!V:V, 1) -> 0 | AG52: =COUNTIFS('OB History'!$B:$B,$A$52,'OB History'!W:W, 1) -> 1 | AH52: =COUNTIFS('OB History'!$B:$B,$A$52,'OB History'!X:X, 1) -> 2 | AI52: =COUNTIFS('OB History'!$B:$B,$A$52,'OB History'!Y:Y, 1) -> 1 | AJ52: =COUNTIFS('OB History'!$B:$B,$A$52,'OB History'!Z:Z, 1) -> 2
A53: Quickness | B53: - | C53: - | D53: 6 | H53: =SUMIFS('OB History'!C:C,'OB History'!B:B,A53) -> 1359 | I53: =AVERAGEIFS('OB History'!C:C,'OB History'!B:B,A53) -> 21.571429 | J53: {=MEDIAN(IF('OB History'!B:B=A53, 'OB History'!C:C))} -> 20 | K53: {=MAX(IF('OB History'!B:B=A53, 'OB History'!C:C))} -> 52 | L53: =COUNTIFS('OB History'!B:B,A53,'OB History'!D:D, 1) -> 40 | M53: =COUNTIFS('OB History'!B:B,A53,'OB History'!D:D, 0) -> 23 | N53: =LOOKUP(2, 1/('OB History'!$B:$B=A53), 'OB History'!$AD:$AD) -> 0.63492063 | O53: =SUMIFS('OB History'!F:F,'OB History'!B:B,A53) -> 144 | P53: =SUMIFS('OB History'!E:E,'OB History'!B:B,A53)-O53 -> 112 | Q53: =LOOKUP(2, 1/('OB History'!$B:$B=A53), 'OB History'!$AB:$AB) -> 0.57571429 | R53: =SUMIFS('OB History'!H:H,'OB History'!B:B,'Old Bow v2'!A53) -> 556 | S53: =SUMIFS('OB History'!G:G,'OB History'!B:B,'Old Bow v2'!A53)-R53 -> 503 | T53: =LOOKUP(2, 1/('OB History'!$B:$B=A53), 'OB History'!$AC:$AC) -> 0.53539683 | U53: =COUNTIFS('OB History'!$B:$B,$A$53,'OB History'!K:K, 1) -> 16 | V53: =COUNTIFS('OB History'!$B:$B,$A$53,'OB History'!L:L, 1) -> 14 | W53: =COUNTIFS('OB History'!$B:$B,$A$53,'OB History'!M:M, 1) -> 2 | X53: =COUNTIFS('OB History'!$B:$B,$A$53,'OB History'!N:N, 1) -> 14 | Y53: =COUNTIFS('OB History'!$B:$B,$A$53,'OB History'!O:O, 1) -> 8 | Z53: =COUNTIFS('OB History'!$B:$B,$A$53,'OB History'!P:P, 1) -> 7 | AA53: =COUNTIFS('OB History'!$B:$B,$A$53,'OB History'!Q:Q, 1) -> 7 | AB53: =COUNTIFS('OB History'!$B:$B,$A$53,'OB History'!R:R, 1) -> 5 | AC53: =COUNTIFS('OB History'!$B:$B,$A$53,'OB History'!S:S, 1) -> 1 | AD53: =COUNTIFS('OB History'!$B:$B,$A$53,'OB History'!T:T, 1) -> 2 | AE53: =COUNTIFS('OB History'!$B:$B,$A$53,'OB History'!U:U, 1) -> 0 | AF53: =COUNTIFS('OB History'!$B:$B,$A$53,'OB History'!V:V, 1) -> 0 | AG53: =COUNTIFS('OB History'!$B:$B,$A$53,'OB History'!W:W, 1) -> 10 | AH53: =COUNTIFS('OB History'!$B:$B,$A$53,'OB History'!X:X, 1) -> 19 | AI53: =COUNTIFS('OB History'!$B:$B,$A$53,'OB History'!Y:Y, 1) -> 19 | AJ53: =COUNTIFS('OB History'!$B:$B,$A$53,'OB History'!Z:Z, 1) -> 18
A54: RayZ | B54: - | C54: - | H54: =SUMIFS('OB History'!C:C,'OB History'!B:B,A54) -> 4 | I54: =AVERAGEIFS('OB History'!C:C,'OB History'!B:B,A54) -> 4 | J54: {=MEDIAN(IF('OB History'!B:B=A54, 'OB History'!C:C))} -> 4 | K54: {=MAX(IF('OB History'!B:B=A54, 'OB History'!C:C))} -> 4 | L54: =COUNTIFS('OB History'!B:B,A54,'OB History'!D:D, 1) -> 0 | M54: =COUNTIFS('OB History'!B:B,A54,'OB History'!D:D, 0) -> 1 | N54: =LOOKUP(2, 1/('OB History'!$B:$B=A54), 'OB History'!$AD:$AD) -> 0 | O54: =SUMIFS('OB History'!F:F,'OB History'!B:B,A54) -> 2 | P54: =SUMIFS('OB History'!E:E,'OB History'!B:B,A54)-O54 -> 3 | Q54: =LOOKUP(2, 1/('OB History'!$B:$B=A54), 'OB History'!$AB:$AB) -> 0.4 | R54: =SUMIFS('OB History'!H:H,'OB History'!B:B,'Old Bow v2'!A54) -> 8 | S54: =SUMIFS('OB History'!G:G,'OB History'!B:B,'Old Bow v2'!A54)-R54 -> 10 | T54: =LOOKUP(2, 1/('OB History'!$B:$B=A54), 'OB History'!$AC:$AC) -> 0.44 | U54: =COUNTIFS('OB History'!$B:$B,$A$54,'OB History'!K:K, 1) -> 1 | V54: =COUNTIFS('OB History'!$B:$B,$A$54,'OB History'!L:L, 1) -> 0 | W54: =COUNTIFS('OB History'!$B:$B,$A$54,'OB History'!M:M, 1) -> 0 | X54: =COUNTIFS('OB History'!$B:$B,$A$54,'OB History'!N:N, 1) -> 0 | Y54: =COUNTIFS('OB History'!$B:$B,$A$54,'OB History'!O:O, 1) -> 0 | Z54: =COUNTIFS('OB History'!$B:$B,$A$54,'OB History'!P:P, 1) -> 1 | AA54: =COUNTIFS('OB History'!$B:$B,$A$54,'OB History'!Q:Q, 1) -> 0 | AB54: =COUNTIFS('OB History'!$B:$B,$A$54,'OB History'!R:R, 1) -> 0 | AC54: =COUNTIFS('OB History'!$B:$B,$A$54,'OB History'!S:S, 1) -> 0 | AD54: =COUNTIFS('OB History'!$B:$B,$A$54,'OB History'!T:T, 1) -> 0 | AE54: =COUNTIFS('OB History'!$B:$B,$A$54,'OB History'!U:U, 1) -> 0 | AF54: =COUNTIFS('OB History'!$B:$B,$A$54,'OB History'!V:V, 1) -> 0 | AG54: =COUNTIFS('OB History'!$B:$B,$A$54,'OB History'!W:W, 1) -> 0 | AH54: =COUNTIFS('OB History'!$B:$B,$A$54,'OB History'!X:X, 1) -> 0 | AI54: =COUNTIFS('OB History'!$B:$B,$A$54,'OB History'!Y:Y, 1) -> 0 | AJ54: =COUNTIFS('OB History'!$B:$B,$A$54,'OB History'!Z:Z, 1) -> 0
A55: Reality | B55: 🏆 | C55: - | D55: 2 | H55: =SUMIFS('OB History'!C:C,'OB History'!B:B,A55) -> 673 | I55: =AVERAGEIFS('OB History'!C:C,'OB History'!B:B,A55) -> 20.393939 | J55: {=MEDIAN(IF('OB History'!B:B=A55, 'OB History'!C:C))} -> 19 | K55: {=MAX(IF('OB History'!B:B=A55, 'OB History'!C:C))} -> 40 | L55: =COUNTIFS('OB History'!B:B,A55,'OB History'!D:D, 1) -> 20 | M55: =COUNTIFS('OB History'!B:B,A55,'OB History'!D:D, 0) -> 13 | N55: =LOOKUP(2, 1/('OB History'!$B:$B=A55), 'OB History'!$AD:$AD) -> 0.60606061 | O55: =SUMIFS('OB History'!F:F,'OB History'!B:B,A55) -> 74 | P55: =SUMIFS('OB History'!E:E,'OB History'!B:B,A55)-O55 -> 58 | Q55: =LOOKUP(2, 1/('OB History'!$B:$B=A55), 'OB History'!$AB:$AB) -> 0.56515152 | R55: =SUMIFS('OB History'!H:H,'OB History'!B:B,'Old Bow v2'!A55) -> 282 | S55: =SUMIFS('OB History'!G:G,'OB History'!B:B,'Old Bow v2'!A55)-R55 -> 263 | T55: =LOOKUP(2, 1/('OB History'!$B:$B=A55), 'OB History'!$AC:$AC) -> 0.51484848 | U55: =COUNTIFS('OB History'!$B:$B,$A$55,'OB History'!K:K, 1) -> 7 | V55: =COUNTIFS('OB History'!$B:$B,$A$55,'OB History'!L:L, 1) -> 4 | W55: =COUNTIFS('OB History'!$B:$B,$A$55,'OB History'!M:M, 1) -> 8 | X55: =COUNTIFS('OB History'!$B:$B,$A$55,'OB History'!N:N, 1) -> 7 | Y55: =COUNTIFS('OB History'!$B:$B,$A$55,'OB History'!O:O, 1) -> 3 | Z55: =COUNTIFS('OB History'!$B:$B,$A$55,'OB History'!P:P, 1) -> 4 | AA55: =COUNTIFS('OB History'!$B:$B,$A$55,'OB History'!Q:Q, 1) -> 3 | AB55: =COUNTIFS('OB History'!$B:$B,$A$55,'OB History'!R:R, 1) -> 2 | AC55: =COUNTIFS('OB History'!$B:$B,$A$55,'OB History'!S:S, 1) -> 3 | AD55: =COUNTIFS('OB History'!$B:$B,$A$55,'OB History'!T:T, 1) -> 0 | AE55: =COUNTIFS('OB History'!$B:$B,$A$55,'OB History'!U:U, 1) -> 1 | AF55: =COUNTIFS('OB History'!$B:$B,$A$55,'OB History'!V:V, 1) -> 0 | AG55: =COUNTIFS('OB History'!$B:$B,$A$55,'OB History'!W:W, 1) -> 2 | AH55: =COUNTIFS('OB History'!$B:$B,$A$55,'OB History'!X:X, 1) -> 13 | AI55: =COUNTIFS('OB History'!$B:$B,$A$55,'OB History'!Y:Y, 1) -> 9 | AJ55: =COUNTIFS('OB History'!$B:$B,$A$55,'OB History'!Z:Z, 1) -> 8
A56: Redstorm | B56: - | C56: - | H56: =SUMIFS('OB History'!C:C,'OB History'!B:B,A56) -> 100 | I56: =AVERAGEIFS('OB History'!C:C,'OB History'!B:B,A56) -> 11.111111 | J56: {=MEDIAN(IF('OB History'!B:B=A56, 'OB History'!C:C))} -> 11 | K56: {=MAX(IF('OB History'!B:B=A56, 'OB History'!C:C))} -> 17 | L56: =COUNTIFS('OB History'!B:B,A56,'OB History'!D:D, 1) -> 6 | M56: =COUNTIFS('OB History'!B:B,A56,'OB History'!D:D, 0) -> 3 | N56: =LOOKUP(2, 1/('OB History'!$B:$B=A56), 'OB History'!$AD:$AD) -> 0.66666667 | O56: =SUMIFS('OB History'!F:F,'OB History'!B:B,A56) -> 23 | P56: =SUMIFS('OB History'!E:E,'OB History'!B:B,A56)-O56 -> 13 | Q56: =LOOKUP(2, 1/('OB History'!$B:$B=A56), 'OB History'!$AB:$AB) -> 0.68333333 | R56: =SUMIFS('OB History'!H:H,'OB History'!B:B,'Old Bow v2'!A56) -> 84 | S56: =SUMIFS('OB History'!G:G,'OB History'!B:B,'Old Bow v2'!A56)-R56 -> 66 | T56: =LOOKUP(2, 1/('OB History'!$B:$B=A56), 'OB History'!$AC:$AC) -> 0.58 | U56: =COUNTIFS('OB History'!$B:$B,$A$56,'OB History'!K:K, 1) -> 4 | V56: =COUNTIFS('OB History'!$B:$B,$A$56,'OB History'!L:L, 1) -> 3 | W56: =COUNTIFS('OB History'!$B:$B,$A$56,'OB History'!M:M, 1) -> 0 | X56: =COUNTIFS('OB History'!$B:$B,$A$56,'OB History'!N:N, 1) -> 3 | Y56: =COUNTIFS('OB History'!$B:$B,$A$56,'OB History'!O:O, 1) -> 0 | Z56: =COUNTIFS('OB History'!$B:$B,$A$56,'OB History'!P:P, 1) -> 0 | AA56: =COUNTIFS('OB History'!$B:$B,$A$56,'OB History'!Q:Q, 1) -> 2 | AB56: =COUNTIFS('OB History'!$B:$B,$A$56,'OB History'!R:R, 1) -> 2 | AC56: =COUNTIFS('OB History'!$B:$B,$A$56,'OB History'!S:S, 1) -> 1 | AD56: =COUNTIFS('OB History'!$B:$B,$A$56,'OB History'!T:T, 1) -> 0 | AE56: =COUNTIFS('OB History'!$B:$B,$A$56,'OB History'!U:U, 1) -> 0 | AF56: =COUNTIFS('OB History'!$B:$B,$A$56,'OB History'!V:V, 1) -> 0 | AG56: =COUNTIFS('OB History'!$B:$B,$A$56,'OB History'!W:W, 1) -> 0 | AH56: =COUNTIFS('OB History'!$B:$B,$A$56,'OB History'!X:X, 1) -> 2 | AI56: =COUNTIFS('OB History'!$B:$B,$A$56,'OB History'!Y:Y, 1) -> 2 | AJ56: =COUNTIFS('OB History'!$B:$B,$A$56,'OB History'!Z:Z, 1) -> 4
A57: Rogue | B57: 🏆 | C57: - | D57: 1 | H57: =SUMIFS('OB History'!C:C,'OB History'!B:B,A57) -> 430 | I57: =AVERAGEIFS('OB History'!C:C,'OB History'!B:B,A57) -> 16.538462 | J57: {=MEDIAN(IF('OB History'!B:B=A57, 'OB History'!C:C))} -> 14.5 | K57: {=MAX(IF('OB History'!B:B=A57, 'OB History'!C:C))} -> 35 | L57: =COUNTIFS('OB History'!B:B,A57,'OB History'!D:D, 1) -> 13 | M57: =COUNTIFS('OB History'!B:B,A57,'OB History'!D:D, 0) -> 13 | N57: =LOOKUP(2, 1/('OB History'!$B:$B=A57), 'OB History'!$AD:$AD) -> 0.5 | O57: =SUMIFS('OB History'!F:F,'OB History'!B:B,A57) -> 49 | P57: =SUMIFS('OB History'!E:E,'OB History'!B:B,A57)-O57 -> 52 | Q57: =LOOKUP(2, 1/('OB History'!$B:$B=A57), 'OB History'!$AB:$AB) -> 0.47 | R57: =SUMIFS('OB History'!H:H,'OB History'!B:B,'Old Bow v2'!A57) -> 206 | S57: =SUMIFS('OB History'!G:G,'OB History'!B:B,'Old Bow v2'!A57)-R57 -> 212 | T57: =LOOKUP(2, 1/('OB History'!$B:$B=A57), 'OB History'!$AC:$AC) -> 0.48576923 | U57: =COUNTIFS('OB History'!$B:$B,$A$57,'OB History'!K:K, 1) -> 5 | V57: =COUNTIFS('OB History'!$B:$B,$A$57,'OB History'!L:L, 1) -> 3 | W57: =COUNTIFS('OB History'!$B:$B,$A$57,'OB History'!M:M, 1) -> 6 | X57: =COUNTIFS('OB History'!$B:$B,$A$57,'OB History'!N:N, 1) -> 6 | Y57: =COUNTIFS('OB History'!$B:$B,$A$57,'OB History'!O:O, 1) -> 2 | Z57: =COUNTIFS('OB History'!$B:$B,$A$57,'OB History'!P:P, 1) -> 4 | AA57: =COUNTIFS('OB History'!$B:$B,$A$57,'OB History'!Q:Q, 1) -> 2 | AB57: =COUNTIFS('OB History'!$B:$B,$A$57,'OB History'!R:R, 1) -> 0 | AC57: =COUNTIFS('OB History'!$B:$B,$A$57,'OB History'!S:S, 1) -> 2 | AD57: =COUNTIFS('OB History'!$B:$B,$A$57,'OB History'!T:T, 1) -> 0 | AE57: =COUNTIFS('OB History'!$B:$B,$A$57,'OB History'!U:U, 1) -> 0 | AF57: =COUNTIFS('OB History'!$B:$B,$A$57,'OB History'!V:V, 1) -> 0 | AG57: =COUNTIFS('OB History'!$B:$B,$A$57,'OB History'!W:W, 1) -> 2 | AH57: =COUNTIFS('OB History'!$B:$B,$A$57,'OB History'!X:X, 1) -> 7 | AI57: =COUNTIFS('OB History'!$B:$B,$A$57,'OB History'!Y:Y, 1) -> 5 | AJ57: =COUNTIFS('OB History'!$B:$B,$A$57,'OB History'!Z:Z, 1) -> 5
A58: Rooks | B58: - | C58: - | D58: 21 | E58: 3 | H58: =SUMIFS('OB History'!C:C,'OB History'!B:B,A58) -> 2512 | I58: =AVERAGEIFS('OB History'!C:C,'OB History'!B:B,A58) -> 25.896907 | J58: {=MEDIAN(IF('OB History'!B:B=A58, 'OB History'!C:C))} -> 24 | K58: {=MAX(IF('OB History'!B:B=A58, 'OB History'!C:C))} -> 58 | L58: =COUNTIFS('OB History'!B:B,A58,'OB History'!D:D, 1) -> 41 | M58: =COUNTIFS('OB History'!B:B,A58,'OB History'!D:D, 0) -> 56 | N58: =LOOKUP(2, 1/('OB History'!$B:$B=A58), 'OB History'!$AD:$AD) -> 0.42268041 | O58: =SUMIFS('OB History'!F:F,'OB History'!B:B,A58) -> 190 | P58: =SUMIFS('OB History'!E:E,'OB History'!B:B,A58)-O58 -> 211 | Q58: =LOOKUP(2, 1/('OB History'!$B:$B=A58), 'OB History'!$AB:$AB) -> 0.47628866 | R58: =SUMIFS('OB History'!H:H,'OB History'!B:B,'Old Bow v2'!A58) -> 822 | S58: =SUMIFS('OB History'!G:G,'OB History'!B:B,'Old Bow v2'!A58)-R58 -> 835 | T58: =LOOKUP(2, 1/('OB History'!$B:$B=A58), 'OB History'!$AC:$AC) -> 0.50175258 | U58: =COUNTIFS('OB History'!$B:$B,$A$58,'OB History'!K:K, 1) -> 11 | V58: =COUNTIFS('OB History'!$B:$B,$A$58,'OB History'!L:L, 1) -> 18 | W58: =COUNTIFS('OB History'!$B:$B,$A$58,'OB History'!M:M, 1) -> 5 | X58: =COUNTIFS('OB History'!$B:$B,$A$58,'OB History'!N:N, 1) -> 17 | Y58: =COUNTIFS('OB History'!$B:$B,$A$58,'OB History'!O:O, 1) -> 3 | Z58: =COUNTIFS('OB History'!$B:$B,$A$58,'OB History'!P:P, 1) -> 18 | AA58: =COUNTIFS('OB History'!$B:$B,$A$58,'OB History'!Q:Q, 1) -> 8 | AB58: =COUNTIFS('OB History'!$B:$B,$A$58,'OB History'!R:R, 1) -> 7 | AC58: =COUNTIFS('OB History'!$B:$B,$A$58,'OB History'!S:S, 1) -> 1 | AD58: =COUNTIFS('OB History'!$B:$B,$A$58,'OB History'!T:T, 1) -> 3 | AE58: =COUNTIFS('OB History'!$B:$B,$A$58,'OB History'!U:U, 1) -> 3 | AF58: =COUNTIFS('OB History'!$B:$B,$A$58,'OB History'!V:V, 1) -> 3 | AG58: =COUNTIFS('OB History'!$B:$B,$A$58,'OB History'!W:W, 1) -> 8 | AH58: =COUNTIFS('OB History'!$B:$B,$A$58,'OB History'!X:X, 1) -> 34 | AI58: =COUNTIFS('OB History'!$B:$B,$A$58,'OB History'!Y:Y, 1) -> 22 | AJ58: =COUNTIFS('OB History'!$B:$B,$A$58,'OB History'!Z:Z, 1) -> 28
A59: Sarillo | B59: - | C59: - | H59: =SUMIFS('OB History'!C:C,'OB History'!B:B,A59) -> 155 | I59: =AVERAGEIFS('OB History'!C:C,'OB History'!B:B,A59) -> 11.071429 | J59: {=MEDIAN(IF('OB History'!B:B=A59, 'OB History'!C:C))} -> 11 | K59: {=MAX(IF('OB History'!B:B=A59, 'OB History'!C:C))} -> 20 | L59: =COUNTIFS('OB History'!B:B,A59,'OB History'!D:D, 1) -> 1 | M59: =COUNTIFS('OB History'!B:B,A59,'OB History'!D:D, 0) -> 13 | N59: =LOOKUP(2, 1/('OB History'!$B:$B=A59), 'OB History'!$AD:$AD) -> 0.071428571 | O59: =SUMIFS('OB History'!F:F,'OB History'!B:B,A59) -> 14 | P59: =SUMIFS('OB History'!E:E,'OB History'!B:B,A59)-O59 -> 40 | Q59: =LOOKUP(2, 1/('OB History'!$B:$B=A59), 'OB History'!$AB:$AB) -> 0.22142857 | R59: =SUMIFS('OB History'!H:H,'OB History'!B:B,'Old Bow v2'!A59) -> 88 | S59: =SUMIFS('OB History'!G:G,'OB History'!B:B,'Old Bow v2'!A59)-R59 -> 131 | T59: =LOOKUP(2, 1/('OB History'!$B:$B=A59), 'OB History'!$AC:$AC) -> 0.38357143 | U59: =COUNTIFS('OB History'!$B:$B,$A$59,'OB History'!K:K, 1) -> 2 | V59: =COUNTIFS('OB History'!$B:$B,$A$59,'OB History'!L:L, 1) -> 4 | W59: =COUNTIFS('OB History'!$B:$B,$A$59,'OB History'!M:M, 1) -> 0 | X59: =COUNTIFS('OB History'!$B:$B,$A$59,'OB History'!N:N, 1) -> 1 | Y59: =COUNTIFS('OB History'!$B:$B,$A$59,'OB History'!O:O, 1) -> 0 | Z59: =COUNTIFS('OB History'!$B:$B,$A$59,'OB History'!P:P, 1) -> 0 | AA59: =COUNTIFS('OB History'!$B:$B,$A$59,'OB History'!Q:Q, 1) -> 0 | AB59: =COUNTIFS('OB History'!$B:$B,$A$59,'OB History'!R:R, 1) -> 2 | AC59: =COUNTIFS('OB History'!$B:$B,$A$59,'OB History'!S:S, 1) -> 0 | AD59: =COUNTIFS('OB History'!$B:$B,$A$59,'OB History'!T:T, 1) -> 0 | AE59: =COUNTIFS('OB History'!$B:$B,$A$59,'OB History'!U:U, 1) -> 0 | AF59: =COUNTIFS('OB History'!$B:$B,$A$59,'OB History'!V:V, 1) -> 0 | AG59: =COUNTIFS('OB History'!$B:$B,$A$59,'OB History'!W:W, 1) -> 0 | AH59: =COUNTIFS('OB History'!$B:$B,$A$59,'OB History'!X:X, 1) -> 1 | AI59: =COUNTIFS('OB History'!$B:$B,$A$59,'OB History'!Y:Y, 1) -> 2 | AJ59: =COUNTIFS('OB History'!$B:$B,$A$59,'OB History'!Z:Z, 1) -> 2
A60: Sertman | B60: - | C60: - | H60: =SUMIFS('OB History'!C:C,'OB History'!B:B,A60) -> 4 | I60: =AVERAGEIFS('OB History'!C:C,'OB History'!B:B,A60) -> 4 | J60: {=MEDIAN(IF('OB History'!B:B=A60, 'OB History'!C:C))} -> 4 | K60: {=MAX(IF('OB History'!B:B=A60, 'OB History'!C:C))} -> 4 | L60: =COUNTIFS('OB History'!B:B,A60,'OB History'!D:D, 1) -> 0 | M60: =COUNTIFS('OB History'!B:B,A60,'OB History'!D:D, 0) -> 1 | N60: =LOOKUP(2, 1/('OB History'!$B:$B=A60), 'OB History'!$AD:$AD) -> 0 | O60: =SUMIFS('OB History'!F:F,'OB History'!B:B,A60) -> 0 | P60: =SUMIFS('OB History'!E:E,'OB History'!B:B,A60)-O60 -> 3 | Q60: =LOOKUP(2, 1/('OB History'!$B:$B=A60), 'OB History'!$AB:$AB) -> 0 | R60: =SUMIFS('OB History'!H:H,'OB History'!B:B,'Old Bow v2'!A60) -> 2 | S60: =SUMIFS('OB History'!G:G,'OB History'!B:B,'Old Bow v2'!A60)-R60 -> 9 | T60: =LOOKUP(2, 1/('OB History'!$B:$B=A60), 'OB History'!$AC:$AC) -> 0.18 | U60: =COUNTIFS('OB History'!$B:$B,$A$60,'OB History'!K:K, 1) -> 0 | V60: =COUNTIFS('OB History'!$B:$B,$A$60,'OB History'!L:L, 1) -> 0 | W60: =COUNTIFS('OB History'!$B:$B,$A$60,'OB History'!M:M, 1) -> 0 | X60: =COUNTIFS('OB History'!$B:$B,$A$60,'OB History'!N:N, 1) -> 0 | Y60: =COUNTIFS('OB History'!$B:$B,$A$60,'OB History'!O:O, 1) -> 0 | Z60: =COUNTIFS('OB History'!$B:$B,$A$60,'OB History'!P:P, 1) -> 0 | AA60: =COUNTIFS('OB History'!$B:$B,$A$60,'OB History'!Q:Q, 1) -> 0 | AB60: =COUNTIFS('OB History'!$B:$B,$A$60,'OB History'!R:R, 1) -> 0 | AC60: =COUNTIFS('OB History'!$B:$B,$A$60,'OB History'!S:S, 1) -> 0 | AD60: =COUNTIFS('OB History'!$B:$B,$A$60,'OB History'!T:T, 1) -> 0 | AE60: =COUNTIFS('OB History'!$B:$B,$A$60,'OB History'!U:U, 1) -> 0 | AF60: =COUNTIFS('OB History'!$B:$B,$A$60,'OB History'!V:V, 1) -> 0 | AG60: =COUNTIFS('OB History'!$B:$B,$A$60,'OB History'!W:W, 1) -> 0 | AH60: =COUNTIFS('OB History'!$B:$B,$A$60,'OB History'!X:X, 1) -> 0 | AI60: =COUNTIFS('OB History'!$B:$B,$A$60,'OB History'!Y:Y, 1) -> 0 | AJ60: =COUNTIFS('OB History'!$B:$B,$A$60,'OB History'!Z:Z, 1) -> 0
A61: Rage | B61: 🏆 | C61: - | F61: 1 | H61: =SUMIFS('OB History'!C:C,'OB History'!B:B,A61) -> 403 | I61: =AVERAGEIFS('OB History'!C:C,'OB History'!B:B,A61) -> 12.212121 | J61: {=MEDIAN(IF('OB History'!B:B=A61, 'OB History'!C:C))} -> 12 | K61: {=MAX(IF('OB History'!B:B=A61, 'OB History'!C:C))} -> 22 | L61: =COUNTIFS('OB History'!B:B,A61,'OB History'!D:D, 1) -> 18 | M61: =COUNTIFS('OB History'!B:B,A61,'OB History'!D:D, 0) -> 15 | N61: =LOOKUP(2, 1/('OB History'!$B:$B=A61), 'OB History'!$AD:$AD) -> 0.54545455 | O61: =SUMIFS('OB History'!F:F,'OB History'!B:B,A61) -> 70 | P61: =SUMIFS('OB History'!E:E,'OB History'!B:B,A61)-O61 -> 70 | Q61: =LOOKUP(2, 1/('OB History'!$B:$B=A61), 'OB History'!$AB:$AB) -> 0.48636364 | R61: =SUMIFS('OB History'!H:H,'OB History'!B:B,'Old Bow v2'!A61) -> 289 | S61: =SUMIFS('OB History'!G:G,'OB History'!B:B,'Old Bow v2'!A61)-R61 -> 298 | T61: =LOOKUP(2, 1/('OB History'!$B:$B=A61), 'OB History'!$AC:$AC) -> 0.48515152 | U61: =COUNTIFS('OB History'!$B:$B,$A$61,'OB History'!K:K, 1) -> 13 | V61: =COUNTIFS('OB History'!$B:$B,$A$61,'OB History'!L:L, 1) -> 8 | W61: =COUNTIFS('OB History'!$B:$B,$A$61,'OB History'!M:M, 1) -> 2 | X61: =COUNTIFS('OB History'!$B:$B,$A$61,'OB History'!N:N, 1) -> 6 | Y61: =COUNTIFS('OB History'!$B:$B,$A$61,'OB History'!O:O, 1) -> 2 | Z61: =COUNTIFS('OB History'!$B:$B,$A$61,'OB History'!P:P, 1) -> 3 | AA61: =COUNTIFS('OB History'!$B:$B,$A$61,'OB History'!Q:Q, 1) -> 5 | AB61: =COUNTIFS('OB History'!$B:$B,$A$61,'OB History'!R:R, 1) -> 3 | AC61: =COUNTIFS('OB History'!$B:$B,$A$61,'OB History'!S:S, 1) -> 2 | AD61: =COUNTIFS('OB History'!$B:$B,$A$61,'OB History'!T:T, 1) -> 1 | AE61: =COUNTIFS('OB History'!$B:$B,$A$61,'OB History'!U:U, 1) -> 2 | AF61: =COUNTIFS('OB History'!$B:$B,$A$61,'OB History'!V:V, 1) -> 0 | AG61: =COUNTIFS('OB History'!$B:$B,$A$61,'OB History'!W:W, 1) -> 3 | AH61: =COUNTIFS('OB History'!$B:$B,$A$61,'OB History'!X:X, 1) -> 7 | AI61: =COUNTIFS('OB History'!$B:$B,$A$61,'OB History'!Y:Y, 1) -> 6 | AJ61: =COUNTIFS('OB History'!$B:$B,$A$61,'OB History'!Z:Z, 1) -> 7
A62: SlyGuy | B62: - | C62: - | H62: =SUMIFS('OB History'!C:C,'OB History'!B:B,A62) -> 98 | I62: =AVERAGEIFS('OB History'!C:C,'OB History'!B:B,A62) -> 8.9090909 | J62: {=MEDIAN(IF('OB History'!B:B=A62, 'OB History'!C:C))} -> 8 | K62: {=MAX(IF('OB History'!B:B=A62, 'OB History'!C:C))} -> 14 | L62: =COUNTIFS('OB History'!B:B,A62,'OB History'!D:D, 1) -> 4 | M62: =COUNTIFS('OB History'!B:B,A62,'OB History'!D:D, 0) -> 7 | N62: =LOOKUP(2, 1/('OB History'!$B:$B=A62), 'OB History'!$AD:$AD) -> 0.36363636 | O62: =SUMIFS('OB History'!F:F,'OB History'!B:B,A62) -> 18 | P62: =SUMIFS('OB History'!E:E,'OB History'!B:B,A62)-O62 -> 26 | Q62: =LOOKUP(2, 1/('OB History'!$B:$B=A62), 'OB History'!$AB:$AB) -> 0.36818182 | R62: =SUMIFS('OB History'!H:H,'OB History'!B:B,'Old Bow v2'!A62) -> 86 | S62: =SUMIFS('OB History'!G:G,'OB History'!B:B,'Old Bow v2'!A62)-R62 -> 100 | T62: =LOOKUP(2, 1/('OB History'!$B:$B=A62), 'OB History'!$AC:$AC) -> 0.44909091 | U62: =COUNTIFS('OB History'!$B:$B,$A$62,'OB History'!K:K, 1) -> 4 | V62: =COUNTIFS('OB History'!$B:$B,$A$62,'OB History'!L:L, 1) -> 2 | W62: =COUNTIFS('OB History'!$B:$B,$A$62,'OB History'!M:M, 1) -> 0 | X62: =COUNTIFS('OB History'!$B:$B,$A$62,'OB History'!N:N, 1) -> 0 | Y62: =COUNTIFS('OB History'!$B:$B,$A$62,'OB History'!O:O, 1) -> 0 | Z62: =COUNTIFS('OB History'!$B:$B,$A$62,'OB History'!P:P, 1) -> 1 | AA62: =COUNTIFS('OB History'!$B:$B,$A$62,'OB History'!Q:Q, 1) -> 3 | AB62: =COUNTIFS('OB History'!$B:$B,$A$62,'OB History'!R:R, 1) -> 2 | AC62: =COUNTIFS('OB History'!$B:$B,$A$62,'OB History'!S:S, 1) -> 0 | AD62: =COUNTIFS('OB History'!$B:$B,$A$62,'OB History'!T:T, 1) -> 0 | AE62: =COUNTIFS('OB History'!$B:$B,$A$62,'OB History'!U:U, 1) -> 1 | AF62: =COUNTIFS('OB History'!$B:$B,$A$62,'OB History'!V:V, 1) -> 0 | AG62: =COUNTIFS('OB History'!$B:$B,$A$62,'OB History'!W:W, 1) -> 0 | AH62: =COUNTIFS('OB History'!$B:$B,$A$62,'OB History'!X:X, 1) -> 4 | AI62: =COUNTIFS('OB History'!$B:$B,$A$62,'OB History'!Y:Y, 1) -> 1 | AJ62: =COUNTIFS('OB History'!$B:$B,$A$62,'OB History'!Z:Z, 1) -> 0
A63: Stinger | B63: - | C63: - | H63: =SUMIFS('OB History'!C:C,'OB History'!B:B,A63) -> 6 | I63: =AVERAGEIFS('OB History'!C:C,'OB History'!B:B,A63) -> 6 | J63: {=MEDIAN(IF('OB History'!B:B=A63, 'OB History'!C:C))} -> 6 | K63: {=MAX(IF('OB History'!B:B=A63, 'OB History'!C:C))} -> 6 | L63: =COUNTIFS('OB History'!B:B,A63,'OB History'!D:D, 1) -> 1 | M63: =COUNTIFS('OB History'!B:B,A63,'OB History'!D:D, 0) -> 0 | N63: =LOOKUP(2, 1/('OB History'!$B:$B=A63), 'OB History'!$AD:$AD) -> 1 | O63: =SUMIFS('OB History'!F:F,'OB History'!B:B,A63) -> 3 | P63: =SUMIFS('OB History'!E:E,'OB History'!B:B,A63)-O63 -> 2 | Q63: =LOOKUP(2, 1/('OB History'!$B:$B=A63), 'OB History'!$AB:$AB) -> 0.6 | R63: =SUMIFS('OB History'!H:H,'OB History'!B:B,'Old Bow v2'!A63) -> 11 | S63: =SUMIFS('OB History'!G:G,'OB History'!B:B,'Old Bow v2'!A63)-R63 -> 11 | T63: =LOOKUP(2, 1/('OB History'!$B:$B=A63), 'OB History'!$AC:$AC) -> 0.5 | U63: =COUNTIFS('OB History'!$B:$B,$A$63,'OB History'!K:K, 1) -> 1 | V63: =COUNTIFS('OB History'!$B:$B,$A$63,'OB History'!L:L, 1) -> 0 | W63: =COUNTIFS('OB History'!$B:$B,$A$63,'OB History'!M:M, 1) -> 0 | X63: =COUNTIFS('OB History'!$B:$B,$A$63,'OB History'!N:N, 1) -> 1 | Y63: =COUNTIFS('OB History'!$B:$B,$A$63,'OB History'!O:O, 1) -> 0 | Z63: =COUNTIFS('OB History'!$B:$B,$A$63,'OB History'!P:P, 1) -> 0 | AA63: =COUNTIFS('OB History'!$B:$B,$A$63,'OB History'!Q:Q, 1) -> 0 | AB63: =COUNTIFS('OB History'!$B:$B,$A$63,'OB History'!R:R, 1) -> 0 | AC63: =COUNTIFS('OB History'!$B:$B,$A$63,'OB History'!S:S, 1) -> 0 | AD63: =COUNTIFS('OB History'!$B:$B,$A$63,'OB History'!T:T, 1) -> 0 | AE63: =COUNTIFS('OB History'!$B:$B,$A$63,'OB History'!U:U, 1) -> 0 | AF63: =COUNTIFS('OB History'!$B:$B,$A$63,'OB History'!V:V, 1) -> 0 | AG63: =COUNTIFS('OB History'!$B:$B,$A$63,'OB History'!W:W, 1) -> 0 | AH63: =COUNTIFS('OB History'!$B:$B,$A$63,'OB History'!X:X, 1) -> 0 | AI63: =COUNTIFS('OB History'!$B:$B,$A$63,'OB History'!Y:Y, 1) -> 1 | AJ63: =COUNTIFS('OB History'!$B:$B,$A$63,'OB History'!Z:Z, 1) -> 0
A64: Tag | B64: 🏆 | C64: - | D64: 13 | E64: 2 | H64: =SUMIFS('OB History'!C:C,'OB History'!B:B,A64) -> 2336 | I64: =AVERAGEIFS('OB History'!C:C,'OB History'!B:B,A64) -> 21.431193 | J64: {=MEDIAN(IF('OB History'!B:B=A64, 'OB History'!C:C))} -> 20 | K64: {=MAX(IF('OB History'!B:B=A64, 'OB History'!C:C))} -> 50 | L64: =COUNTIFS('OB History'!B:B,A64,'OB History'!D:D, 1) -> 47 | M64: =COUNTIFS('OB History'!B:B,A64,'OB History'!D:D, 0) -> 62 | N64: =LOOKUP(2, 1/('OB History'!$B:$B=A64), 'OB History'!$AD:$AD) -> 0.43119266 | O64: =SUMIFS('OB History'!F:F,'OB History'!B:B,A64) -> 204 | P64: =SUMIFS('OB History'!E:E,'OB History'!B:B,A64)-O64 -> 243 | Q64: =LOOKUP(2, 1/('OB History'!$B:$B=A64), 'OB History'!$AB:$AB) -> 0.44752294 | R64: =SUMIFS('OB History'!H:H,'OB History'!B:B,'Old Bow v2'!A64) -> 890 | S64: =SUMIFS('OB History'!G:G,'OB History'!B:B,'Old Bow v2'!A64)-R64 -> 960 | T64: =LOOKUP(2, 1/('OB History'!$B:$B=A64), 'OB History'!$AC:$AC) -> 0.47678899 | U64: =COUNTIFS('OB History'!$B:$B,$A$64,'OB History'!K:K, 1) -> 17 | V64: =COUNTIFS('OB History'!$B:$B,$A$64,'OB History'!L:L, 1) -> 10 | W64: =COUNTIFS('OB History'!$B:$B,$A$64,'OB History'!M:M, 1) -> 5 | X64: =COUNTIFS('OB History'!$B:$B,$A$64,'OB History'!N:N, 1) -> 34 | Y64: =COUNTIFS('OB History'!$B:$B,$A$64,'OB History'!O:O, 1) -> 7 | Z64: =COUNTIFS('OB History'!$B:$B,$A$64,'OB History'!P:P, 1) -> 10 | AA64: =COUNTIFS('OB History'!$B:$B,$A$64,'OB History'!Q:Q, 1) -> 4 | AB64: =COUNTIFS('OB History'!$B:$B,$A$64,'OB History'!R:R, 1) -> 7 | AC64: =COUNTIFS('OB History'!$B:$B,$A$64,'OB History'!S:S, 1) -> 2 | AD64: =COUNTIFS('OB History'!$B:$B,$A$64,'OB History'!T:T, 1) -> 4 | AE64: =COUNTIFS('OB History'!$B:$B,$A$64,'OB History'!U:U, 1) -> 0 | AF64: =COUNTIFS('OB History'!$B:$B,$A$64,'OB History'!V:V, 1) -> 2 | AG64: =COUNTIFS('OB History'!$B:$B,$A$64,'OB History'!W:W, 1) -> 13 | AH64: =COUNTIFS('OB History'!$B:$B,$A$64,'OB History'!X:X, 1) -> 25 | AI64: =COUNTIFS('OB History'!$B:$B,$A$64,'OB History'!Y:Y, 1) -> 30 | AJ64: =COUNTIFS('OB History'!$B:$B,$A$64,'OB History'!Z:Z, 1) -> 32
A65: Tailgunner | B65: 🏆🏆 | C65: 👑 | D65: 6 | E65: 1 | H65: =SUMIFS('OB History'!C:C,'OB History'!B:B,A65) -> 1767 | I65: =AVERAGEIFS('OB History'!C:C,'OB History'!B:B,A65) -> 25.242857 | J65: {=MEDIAN(IF('OB History'!B:B=A65, 'OB History'!C:C))} -> 23.5 | K65: {=MAX(IF('OB History'!B:B=A65, 'OB History'!C:C))} -> 66 | L65: =COUNTIFS('OB History'!B:B,A65,'OB History'!D:D, 1) -> 46 | M65: =COUNTIFS('OB History'!B:B,A65,'OB History'!D:D, 0) -> 24 | N65: =LOOKUP(2, 1/('OB History'!$B:$B=A65), 'OB History'!$AD:$AD) -> 0.65714286 | O65: =SUMIFS('OB History'!F:F,'OB History'!B:B,A65) -> 167 | P65: =SUMIFS('OB History'!E:E,'OB History'!B:B,A65)-O65 -> 117 | Q65: =LOOKUP(2, 1/('OB History'!$B:$B=A65), 'OB History'!$AB:$AB) -> 0.60428571 | R65: =SUMIFS('OB History'!H:H,'OB History'!B:B,'Old Bow v2'!A65) -> 656 | S65: =SUMIFS('OB History'!G:G,'OB History'!B:B,'Old Bow v2'!A65)-R65 -> 534 | T65: =LOOKUP(2, 1/('OB History'!$B:$B=A65), 'OB History'!$AC:$AC) -> 0.56028571 | U65: =COUNTIFS('OB History'!$B:$B,$A$65,'OB History'!K:K, 1) -> 12 | V65: =COUNTIFS('OB History'!$B:$B,$A$65,'OB History'!L:L, 1) -> 15 | W65: =COUNTIFS('OB History'!$B:$B,$A$65,'OB History'!M:M, 1) -> 17 | X65: =COUNTIFS('OB History'!$B:$B,$A$65,'OB History'!N:N, 1) -> 18 | Y65: =COUNTIFS('OB History'!$B:$B,$A$65,'OB History'!O:O, 1) -> 5 | Z65: =COUNTIFS('OB History'!$B:$B,$A$65,'OB History'!P:P, 1) -> 13 | AA65: =COUNTIFS('OB History'!$B:$B,$A$65,'OB History'!Q:Q, 1) -> 8 | AB65: =COUNTIFS('OB History'!$B:$B,$A$65,'OB History'!R:R, 1) -> 2 | AC65: =COUNTIFS('OB History'!$B:$B,$A$65,'OB History'!S:S, 1) -> 2 | AD65: =COUNTIFS('OB History'!$B:$B,$A$65,'OB History'!T:T, 1) -> 4 | AE65: =COUNTIFS('OB History'!$B:$B,$A$65,'OB History'!U:U, 1) -> 0 | AF65: =COUNTIFS('OB History'!$B:$B,$A$65,'OB History'!V:V, 1) -> 1 | AG65: =COUNTIFS('OB History'!$B:$B,$A$65,'OB History'!W:W, 1) -> 13 | AH65: =COUNTIFS('OB History'!$B:$B,$A$65,'OB History'!X:X, 1) -> 20 | AI65: =COUNTIFS('OB History'!$B:$B,$A$65,'OB History'!Y:Y, 1) -> 16 | AJ65: =COUNTIFS('OB History'!$B:$B,$A$65,'OB History'!Z:Z, 1) -> 21
A66: Tony | B66: 🏆 | C66: - | D66: 6 | E66: 3 | G66: 1 | H66: =SUMIFS('OB History'!C:C,'OB History'!B:B,A66) -> 1424 | I66: =AVERAGEIFS('OB History'!C:C,'OB History'!B:B,A66) -> 24.551724 | J66: {=MEDIAN(IF('OB History'!B:B=A66, 'OB History'!C:C))} -> 24 | K66: {=MAX(IF('OB History'!B:B=A66, 'OB History'!C:C))} -> 58 | L66: =COUNTIFS('OB History'!B:B,A66,'OB History'!D:D, 1) -> 26 | M66: =COUNTIFS('OB History'!B:B,A66,'OB History'!D:D, 0) -> 32 | N66: =LOOKUP(2, 1/('OB History'!$B:$B=A66), 'OB History'!$AD:$AD) -> 0.44827586 | O66: =SUMIFS('OB History'!F:F,'OB History'!B:B,A66) -> 110 | P66: =SUMIFS('OB History'!E:E,'OB History'!B:B,A66)-O66 -> 126 | Q66: =LOOKUP(2, 1/('OB History'!$B:$B=A66), 'OB History'!$AB:$AB) -> 0.45862069 | R66: =SUMIFS('OB History'!H:H,'OB History'!B:B,'Old Bow v2'!A66) -> 470 | S66: =SUMIFS('OB History'!G:G,'OB History'!B:B,'Old Bow v2'!A66)-R66 -> 515 | T66: =LOOKUP(2, 1/('OB History'!$B:$B=A66), 'OB History'!$AC:$AC) -> 0.4737931 | U66: =COUNTIFS('OB History'!$B:$B,$A$66,'OB History'!K:K, 1) -> 8 | V66: =COUNTIFS('OB History'!$B:$B,$A$66,'OB History'!L:L, 1) -> 6 | W66: =COUNTIFS('OB History'!$B:$B,$A$66,'OB History'!M:M, 1) -> 2 | X66: =COUNTIFS('OB History'!$B:$B,$A$66,'OB History'!N:N, 1) -> 16 | Y66: =COUNTIFS('OB History'!$B:$B,$A$66,'OB History'!O:O, 1) -> 3 | Z66: =COUNTIFS('OB History'!$B:$B,$A$66,'OB History'!P:P, 1) -> 9 | AA66: =COUNTIFS('OB History'!$B:$B,$A$66,'OB History'!Q:Q, 1) -> 5 | AB66: =COUNTIFS('OB History'!$B:$B,$A$66,'OB History'!R:R, 1) -> 4 | AC66: =COUNTIFS('OB History'!$B:$B,$A$66,'OB History'!S:S, 1) -> 0 | AD66: =COUNTIFS('OB History'!$B:$B,$A$66,'OB History'!T:T, 1) -> 2 | AE66: =COUNTIFS('OB History'!$B:$B,$A$66,'OB History'!U:U, 1) -> 2 | AF66: =COUNTIFS('OB History'!$B:$B,$A$66,'OB History'!V:V, 1) -> 2 | AG66: =COUNTIFS('OB History'!$B:$B,$A$66,'OB History'!W:W, 1) -> 11 | AH66: =COUNTIFS('OB History'!$B:$B,$A$66,'OB History'!X:X, 1) -> 16 | AI66: =COUNTIFS('OB History'!$B:$B,$A$66,'OB History'!Y:Y, 1) -> 11 | AJ66: =COUNTIFS('OB History'!$B:$B,$A$66,'OB History'!Z:Z, 1) -> 13
A67: Undisputed | B67: 🏆 | C67: - | D67: 6 | H67: =SUMIFS('OB History'!C:C,'OB History'!B:B,A67) -> 1181 | I67: =AVERAGEIFS('OB History'!C:C,'OB History'!B:B,A67) -> 23.62 | J67: {=MEDIAN(IF('OB History'!B:B=A67, 'OB History'!C:C))} -> 22.5 | K67: {=MAX(IF('OB History'!B:B=A67, 'OB History'!C:C))} -> 50 | L67: =COUNTIFS('OB History'!B:B,A67,'OB History'!D:D, 1) -> 30 | M67: =COUNTIFS('OB History'!B:B,A67,'OB History'!D:D, 0) -> 20 | N67: =LOOKUP(2, 1/('OB History'!$B:$B=A67), 'OB History'!$AD:$AD) -> 0.6 | O67: =SUMIFS('OB History'!F:F,'OB History'!B:B,A67) -> 114 | P67: =SUMIFS('OB History'!E:E,'OB History'!B:B,A67)-O67 -> 90 | Q67: =LOOKUP(2, 1/('OB History'!$B:$B=A67), 'OB History'!$AB:$AB) -> 0.57 | R67: =SUMIFS('OB History'!H:H,'OB History'!B:B,'Old Bow v2'!A67) -> 455 | S67: =SUMIFS('OB History'!G:G,'OB History'!B:B,'Old Bow v2'!A67)-R67 -> 398 | T67: =LOOKUP(2, 1/('OB History'!$B:$B=A67), 'OB History'!$AC:$AC) -> 0.538 | U67: =COUNTIFS('OB History'!$B:$B,$A$67,'OB History'!K:K, 1) -> 6 | V67: =COUNTIFS('OB History'!$B:$B,$A$67,'OB History'!L:L, 1) -> 13 | W67: =COUNTIFS('OB History'!$B:$B,$A$67,'OB History'!M:M, 1) -> 11 | X67: =COUNTIFS('OB History'!$B:$B,$A$67,'OB History'!N:N, 1) -> 11 | Y67: =COUNTIFS('OB History'!$B:$B,$A$67,'OB History'!O:O, 1) -> 3 | Z67: =COUNTIFS('OB History'!$B:$B,$A$67,'OB History'!P:P, 1) -> 5 | AA67: =COUNTIFS('OB History'!$B:$B,$A$67,'OB History'!Q:Q, 1) -> 4 | AB67: =COUNTIFS('OB History'!$B:$B,$A$67,'OB History'!R:R, 1) -> 4 | AC67: =COUNTIFS('OB History'!$B:$B,$A$67,'OB History'!S:S, 1) -> 3 | AD67: =COUNTIFS('OB History'!$B:$B,$A$67,'OB History'!T:T, 1) -> 1 | AE67: =COUNTIFS('OB History'!$B:$B,$A$67,'OB History'!U:U, 1) -> 1 | AF67: =COUNTIFS('OB History'!$B:$B,$A$67,'OB History'!V:V, 1) -> 1 | AG67: =COUNTIFS('OB History'!$B:$B,$A$67,'OB History'!W:W, 1) -> 5 | AH67: =COUNTIFS('OB History'!$B:$B,$A$67,'OB History'!X:X, 1) -> 22 | AI67: =COUNTIFS('OB History'!$B:$B,$A$67,'OB History'!Y:Y, 1) -> 9 | AJ67: =COUNTIFS('OB History'!$B:$B,$A$67,'OB History'!Z:Z, 1) -> 15
A68: Vapid | B68: - | C68: - | H68: =SUMIFS('OB History'!C:C,'OB History'!B:B,A68) -> 2 | I68: =AVERAGEIFS('OB History'!C:C,'OB History'!B:B,A68) -> 2 | J68: {=MEDIAN(IF('OB History'!B:B=A68, 'OB History'!C:C))} -> 2 | K68: {=MAX(IF('OB History'!B:B=A68, 'OB History'!C:C))} -> 2 | L68: =COUNTIFS('OB History'!B:B,A68,'OB History'!D:D, 1) -> 0 | M68: =COUNTIFS('OB History'!B:B,A68,'OB History'!D:D, 0) -> 1 | N68: =LOOKUP(2, 1/('OB History'!$B:$B=A68), 'OB History'!$AD:$AD) -> 0 | O68: =SUMIFS('OB History'!F:F,'OB History'!B:B,A68) -> 2 | P68: =SUMIFS('OB History'!E:E,'OB History'!B:B,A68)-O68 -> 3 | Q68: =LOOKUP(2, 1/('OB History'!$B:$B=A68), 'OB History'!$AB:$AB) -> 0.4 | R68: =SUMIFS('OB History'!H:H,'OB History'!B:B,'Old Bow v2'!A68) -> 6 | S68: =SUMIFS('OB History'!G:G,'OB History'!B:B,'Old Bow v2'!A68)-R68 -> 14 | T68: =LOOKUP(2, 1/('OB History'!$B:$B=A68), 'OB History'!$AC:$AC) -> 0.3 | U68: =COUNTIFS('OB History'!$B:$B,$A$68,'OB History'!K:K, 1) -> 0 | V68: =COUNTIFS('OB History'!$B:$B,$A$68,'OB History'!L:L, 1) -> 0 | W68: =COUNTIFS('OB History'!$B:$B,$A$68,'OB History'!M:M, 1) -> 0 | X68: =COUNTIFS('OB History'!$B:$B,$A$68,'OB History'!N:N, 1) -> 0 | Y68: =COUNTIFS('OB History'!$B:$B,$A$68,'OB History'!O:O, 1) -> 0 | Z68: =COUNTIFS('OB History'!$B:$B,$A$68,'OB History'!P:P, 1) -> 0 | AA68: =COUNTIFS('OB History'!$B:$B,$A$68,'OB History'!Q:Q, 1) -> 0 | AB68: =COUNTIFS('OB History'!$B:$B,$A$68,'OB History'!R:R, 1) -> 0 | AC68: =COUNTIFS('OB History'!$B:$B,$A$68,'OB History'!S:S, 1) -> 0 | AD68: =COUNTIFS('OB History'!$B:$B,$A$68,'OB History'!T:T, 1) -> 0 | AE68: =COUNTIFS('OB History'!$B:$B,$A$68,'OB History'!U:U, 1) -> 0 | AF68: =COUNTIFS('OB History'!$B:$B,$A$68,'OB History'!V:V, 1) -> 0 | AG68: =COUNTIFS('OB History'!$B:$B,$A$68,'OB History'!W:W, 1) -> 1 | AH68: =COUNTIFS('OB History'!$B:$B,$A$68,'OB History'!X:X, 1) -> 0 | AI68: =COUNTIFS('OB History'!$B:$B,$A$68,'OB History'!Y:Y, 1) -> 1 | AJ68: =COUNTIFS('OB History'!$B:$B,$A$68,'OB History'!Z:Z, 1) -> 0
A69: Velocity | B69: 🏆🏆🏆 | C69: 👑👑 | D69: 12 | E69: 6 | H69: =SUMIFS('OB History'!C:C,'OB History'!B:B,A69) -> 2398 | I69: =AVERAGEIFS('OB History'!C:C,'OB History'!B:B,A69) -> 23.742574 | J69: {=MEDIAN(IF('OB History'!B:B=A69, 'OB History'!C:C))} -> 21 | K69: {=MAX(IF('OB History'!B:B=A69, 'OB History'!C:C))} -> 56 | L69: =COUNTIFS('OB History'!B:B,A69,'OB History'!D:D, 1) -> 42 | M69: =COUNTIFS('OB History'!B:B,A69,'OB History'!D:D, 0) -> 59 | N69: =LOOKUP(2, 1/('OB History'!$B:$B=A69), 'OB History'!$AD:$AD) -> 0.41584158 | O69: =SUMIFS('OB History'!F:F,'OB History'!B:B,A69) -> 188 | P69: =SUMIFS('OB History'!E:E,'OB History'!B:B,A69)-O69 -> 226 | Q69: =LOOKUP(2, 1/('OB History'!$B:$B=A69), 'OB History'!$AB:$AB) -> 0.45 | R69: =SUMIFS('OB History'!H:H,'OB History'!B:B,'Old Bow v2'!A69) -> 824 | S69: =SUMIFS('OB History'!G:G,'OB History'!B:B,'Old Bow v2'!A69)-R69 -> 897 | T69: =LOOKUP(2, 1/('OB History'!$B:$B=A69), 'OB History'!$AC:$AC) -> 0.47861386 | U69: =COUNTIFS('OB History'!$B:$B,$A$69,'OB History'!K:K, 1) -> 16 | V69: =COUNTIFS('OB History'!$B:$B,$A$69,'OB History'!L:L, 1) -> 19 | W69: =COUNTIFS('OB History'!$B:$B,$A$69,'OB History'!M:M, 1) -> 7 | X69: =COUNTIFS('OB History'!$B:$B,$A$69,'OB History'!N:N, 1) -> 17 | Y69: =COUNTIFS('OB History'!$B:$B,$A$69,'OB History'!O:O, 1) -> 5 | Z69: =COUNTIFS('OB History'!$B:$B,$A$69,'OB History'!P:P, 1) -> 11 | AA69: =COUNTIFS('OB History'!$B:$B,$A$69,'OB History'!Q:Q, 1) -> 7 | AB69: =COUNTIFS('OB History'!$B:$B,$A$69,'OB History'!R:R, 1) -> 3 | AC69: =COUNTIFS('OB History'!$B:$B,$A$69,'OB History'!S:S, 1) -> 2 | AD69: =COUNTIFS('OB History'!$B:$B,$A$69,'OB History'!T:T, 1) -> 1 | AE69: =COUNTIFS('OB History'!$B:$B,$A$69,'OB History'!U:U, 1) -> 2 | AF69: =COUNTIFS('OB History'!$B:$B,$A$69,'OB History'!V:V, 1) -> 4 | AG69: =COUNTIFS('OB History'!$B:$B,$A$69,'OB History'!W:W, 1) -> 17 | AH69: =COUNTIFS('OB History'!$B:$B,$A$69,'OB History'!X:X, 1) -> 41 | AI69: =COUNTIFS('OB History'!$B:$B,$A$69,'OB History'!Y:Y, 1) -> 15 | AJ69: =COUNTIFS('OB History'!$B:$B,$A$69,'OB History'!Z:Z, 1) -> 19
A70: Vengeful | B70: - | C70: - | H70: =SUMIFS('OB History'!C:C,'OB History'!B:B,A70) -> 216 | I70: =AVERAGEIFS('OB History'!C:C,'OB History'!B:B,A70) -> 15.428571 | J70: {=MEDIAN(IF('OB History'!B:B=A70, 'OB History'!C:C))} -> 16 | K70: {=MAX(IF('OB History'!B:B=A70, 'OB History'!C:C))} -> 27 | L70: =COUNTIFS('OB History'!B:B,A70,'OB History'!D:D, 1) -> 7 | M70: =COUNTIFS('OB History'!B:B,A70,'OB History'!D:D, 0) -> 7 | N70: =LOOKUP(2, 1/('OB History'!$B:$B=A70), 'OB History'!$AD:$AD) -> 0.5 | O70: =SUMIFS('OB History'!F:F,'OB History'!B:B,A70) -> 32 | P70: =SUMIFS('OB History'!E:E,'OB History'!B:B,A70)-O70 -> 31 | Q70: =LOOKUP(2, 1/('OB History'!$B:$B=A70), 'OB History'!$AB:$AB) -> 0.525 | R70: =SUMIFS('OB History'!H:H,'OB History'!B:B,'Old Bow v2'!A70) -> 132 | S70: =SUMIFS('OB History'!G:G,'OB History'!B:B,'Old Bow v2'!A70)-R70 -> 128 | T70: =LOOKUP(2, 1/('OB History'!$B:$B=A70), 'OB History'!$AC:$AC) -> 0.51214286 | U70: =COUNTIFS('OB History'!$B:$B,$A$70,'OB History'!K:K, 1) -> 1 | V70: =COUNTIFS('OB History'!$B:$B,$A$70,'OB History'!L:L, 1) -> 2 | W70: =COUNTIFS('OB History'!$B:$B,$A$70,'OB History'!M:M, 1) -> 0 | X70: =COUNTIFS('OB History'!$B:$B,$A$70,'OB History'!N:N, 1) -> 2 | Y70: =COUNTIFS('OB History'!$B:$B,$A$70,'OB History'!O:O, 1) -> 4 | Z70: =COUNTIFS('OB History'!$B:$B,$A$70,'OB History'!P:P, 1) -> 0 | AA70: =COUNTIFS('OB History'!$B:$B,$A$70,'OB History'!Q:Q, 1) -> 0 | AB70: =COUNTIFS('OB History'!$B:$B,$A$70,'OB History'!R:R, 1) -> 3 | AC70: =COUNTIFS('OB History'!$B:$B,$A$70,'OB History'!S:S, 1) -> 0 | AD70: =COUNTIFS('OB History'!$B:$B,$A$70,'OB History'!T:T, 1) -> 0 | AE70: =COUNTIFS('OB History'!$B:$B,$A$70,'OB History'!U:U, 1) -> 0 | AF70: =COUNTIFS('OB History'!$B:$B,$A$70,'OB History'!V:V, 1) -> 1 | AG70: =COUNTIFS('OB History'!$B:$B,$A$70,'OB History'!W:W, 1) -> 0 | AH70: =COUNTIFS('OB History'!$B:$B,$A$70,'OB History'!X:X, 1) -> 7 | AI70: =COUNTIFS('OB History'!$B:$B,$A$70,'OB History'!Y:Y, 1) -> 6 | AJ70: =COUNTIFS('OB History'!$B:$B,$A$70,'OB History'!Z:Z, 1) -> 6
A71: Wankr | B71: 🏆🏆 | C71: - | D71: 7 | H71: =SUMIFS('OB History'!C:C,'OB History'!B:B,A71) -> 712 | I71: =AVERAGEIFS('OB History'!C:C,'OB History'!B:B,A71) -> 25.428571 | J71: {=MEDIAN(IF('OB History'!B:B=A71, 'OB History'!C:C))} -> 22 | K71: {=MAX(IF('OB History'!B:B=A71, 'OB History'!C:C))} -> 53 | L71: =COUNTIFS('OB History'!B:B,A71,'OB History'!D:D, 1) -> 17 | M71: =COUNTIFS('OB History'!B:B,A71,'OB History'!D:D, 0) -> 11 | N71: =LOOKUP(2, 1/('OB History'!$B:$B=A71), 'OB History'!$AD:$AD) -> 0.60714286 | O71: =SUMIFS('OB History'!F:F,'OB History'!B:B,A71) -> 61 | P71: =SUMIFS('OB History'!E:E,'OB History'!B:B,A71)-O71 -> 56 | Q71: =LOOKUP(2, 1/('OB History'!$B:$B=A71), 'OB History'!$AB:$AB) -> 0.51785714 | R71: =SUMIFS('OB History'!H:H,'OB History'!B:B,'Old Bow v2'!A71) -> 241 | S71: =SUMIFS('OB History'!G:G,'OB History'!B:B,'Old Bow v2'!A71)-R71 -> 236 | T71: =LOOKUP(2, 1/('OB History'!$B:$B=A71), 'OB History'!$AC:$AC) -> 0.49857143 | U71: =COUNTIFS('OB History'!$B:$B,$A$71,'OB History'!K:K, 1) -> 8 | V71: =COUNTIFS('OB History'!$B:$B,$A$71,'OB History'!L:L, 1) -> 7 | W71: =COUNTIFS('OB History'!$B:$B,$A$71,'OB History'!M:M, 1) -> 5 | X71: =COUNTIFS('OB History'!$B:$B,$A$71,'OB History'!N:N, 1) -> 3 | Y71: =COUNTIFS('OB History'!$B:$B,$A$71,'OB History'!O:O, 1) -> 5 | Z71: =COUNTIFS('OB History'!$B:$B,$A$71,'OB History'!P:P, 1) -> 4 | AA71: =COUNTIFS('OB History'!$B:$B,$A$71,'OB History'!Q:Q, 1) -> 3 | AB71: =COUNTIFS('OB History'!$B:$B,$A$71,'OB History'!R:R, 1) -> 1 | AC71: =COUNTIFS('OB History'!$B:$B,$A$71,'OB History'!S:S, 1) -> 0 | AD71: =COUNTIFS('OB History'!$B:$B,$A$71,'OB History'!T:T, 1) -> 0 | AE71: =COUNTIFS('OB History'!$B:$B,$A$71,'OB History'!U:U, 1) -> 1 | AF71: =COUNTIFS('OB History'!$B:$B,$A$71,'OB History'!V:V, 1) -> 0 | AG71: =COUNTIFS('OB History'!$B:$B,$A$71,'OB History'!W:W, 1) -> 5 | AH71: =COUNTIFS('OB History'!$B:$B,$A$71,'OB History'!X:X, 1) -> 6 | AI71: =COUNTIFS('OB History'!$B:$B,$A$71,'OB History'!Y:Y, 1) -> 5 | AJ71: =COUNTIFS('OB History'!$B:$B,$A$71,'OB History'!Z:Z, 1) -> 8
A72: Wartz | B72: 🏆🏆 | C72: - | H72: =SUMIFS('OB History'!C:C,'OB History'!B:B,A72) -> 335 | I72: =AVERAGEIFS('OB History'!C:C,'OB History'!B:B,A72) -> 20.9375 | J72: {=MEDIAN(IF('OB History'!B:B=A72, 'OB History'!C:C))} -> 20 | K72: {=MAX(IF('OB History'!B:B=A72, 'OB History'!C:C))} -> 37 | L72: =COUNTIFS('OB History'!B:B,A72,'OB History'!D:D, 1) -> 10 | M72: =COUNTIFS('OB History'!B:B,A72,'OB History'!D:D, 0) -> 6 | N72: =LOOKUP(2, 1/('OB History'!$B:$B=A72), 'OB History'!$AD:$AD) -> 0.625 | O72: =SUMIFS('OB History'!F:F,'OB History'!B:B,A72) -> 39 | P72: =SUMIFS('OB History'!E:E,'OB History'!B:B,A72)-O72 -> 32 | Q72: =LOOKUP(2, 1/('OB History'!$B:$B=A72), 'OB History'!$AB:$AB) -> 0.553125 | R72: =SUMIFS('OB History'!H:H,'OB History'!B:B,'Old Bow v2'!A72) -> 157 | S72: =SUMIFS('OB History'!G:G,'OB History'!B:B,'Old Bow v2'!A72)-R72 -> 141 | T72: =LOOKUP(2, 1/('OB History'!$B:$B=A72), 'OB History'!$AC:$AC) -> 0.529375 | U72: =COUNTIFS('OB History'!$B:$B,$A$72,'OB History'!K:K, 1) -> 5 | V72: =COUNTIFS('OB History'!$B:$B,$A$72,'OB History'!L:L, 1) -> 6 | W72: =COUNTIFS('OB History'!$B:$B,$A$72,'OB History'!M:M, 1) -> 1 | X72: =COUNTIFS('OB History'!$B:$B,$A$72,'OB History'!N:N, 1) -> 2 | Y72: =COUNTIFS('OB History'!$B:$B,$A$72,'OB History'!O:O, 1) -> 4 | Z72: =COUNTIFS('OB History'!$B:$B,$A$72,'OB History'!P:P, 1) -> 3 | AA72: =COUNTIFS('OB History'!$B:$B,$A$72,'OB History'!Q:Q, 1) -> 4 | AB72: =COUNTIFS('OB History'!$B:$B,$A$72,'OB History'!R:R, 1) -> 0 | AC72: =COUNTIFS('OB History'!$B:$B,$A$72,'OB History'!S:S, 1) -> 0 | AD72: =COUNTIFS('OB History'!$B:$B,$A$72,'OB History'!T:T, 1) -> 0 | AE72: =COUNTIFS('OB History'!$B:$B,$A$72,'OB History'!U:U, 1) -> 1 | AF72: =COUNTIFS('OB History'!$B:$B,$A$72,'OB History'!V:V, 1) -> 0 | AG72: =COUNTIFS('OB History'!$B:$B,$A$72,'OB History'!W:W, 1) -> 2 | AH72: =COUNTIFS('OB History'!$B:$B,$A$72,'OB History'!X:X, 1) -> 6 | AI72: =COUNTIFS('OB History'!$B:$B,$A$72,'OB History'!Y:Y, 1) -> 2 | AJ72: =COUNTIFS('OB History'!$B:$B,$A$72,'OB History'!Z:Z, 1) -> 3
A73: Wizzo | B73: - | C73: - | D73: 1 | H73: =SUMIFS('OB History'!C:C,'OB History'!B:B,A73) -> 376 | I73: =AVERAGEIFS('OB History'!C:C,'OB History'!B:B,A73) -> 10.742857 | J73: {=MEDIAN(IF('OB History'!B:B=A73, 'OB History'!C:C))} -> 10 | K73: {=MAX(IF('OB History'!B:B=A73, 'OB History'!C:C))} -> 20 | L73: =COUNTIFS('OB History'!B:B,A73,'OB History'!D:D, 1) -> 19 | M73: =COUNTIFS('OB History'!B:B,A73,'OB History'!D:D, 0) -> 16 | N73: =LOOKUP(2, 1/('OB History'!$B:$B=A73), 'OB History'!$AD:$AD) -> 0.54285714 | O73: =SUMIFS('OB History'!F:F,'OB History'!B:B,A73) -> 77 | P73: =SUMIFS('OB History'!E:E,'OB History'!B:B,A73)-O73 -> 69 | Q73: =LOOKUP(2, 1/('OB History'!$B:$B=A73), 'OB History'!$AB:$AB) -> 0.53571429 | R73: =SUMIFS('OB History'!H:H,'OB History'!B:B,'Old Bow v2'!A73) -> 313 | S73: =SUMIFS('OB History'!G:G,'OB History'!B:B,'Old Bow v2'!A73)-R73 -> 298 | T73: =LOOKUP(2, 1/('OB History'!$B:$B=A73), 'OB History'!$AC:$AC) -> 0.51285714 | U73: =COUNTIFS('OB History'!$B:$B,$A$73,'OB History'!K:K, 1) -> 8 | V73: =COUNTIFS('OB History'!$B:$B,$A$73,'OB History'!L:L, 1) -> 9 | W73: =COUNTIFS('OB History'!$B:$B,$A$73,'OB History'!M:M, 1) -> 1 | X73: =COUNTIFS('OB History'!$B:$B,$A$73,'OB History'!N:N, 1) -> 11 | Y73: =COUNTIFS('OB History'!$B:$B,$A$73,'OB History'!O:O, 1) -> 1 | Z73: =COUNTIFS('OB History'!$B:$B,$A$73,'OB History'!P:P, 1) -> 4 | AA73: =COUNTIFS('OB History'!$B:$B,$A$73,'OB History'!Q:Q, 1) -> 2 | AB73: =COUNTIFS('OB History'!$B:$B,$A$73,'OB History'!R:R, 1) -> 1 | AC73: =COUNTIFS('OB History'!$B:$B,$A$73,'OB History'!S:S, 1) -> 0 | AD73: =COUNTIFS('OB History'!$B:$B,$A$73,'OB History'!T:T, 1) -> 2 | AE73: =COUNTIFS('OB History'!$B:$B,$A$73,'OB History'!U:U, 1) -> 1 | AF73: =COUNTIFS('OB History'!$B:$B,$A$73,'OB History'!V:V, 1) -> 0 | AG73: =COUNTIFS('OB History'!$B:$B,$A$73,'OB History'!W:W, 1) -> 3 | AH73: =COUNTIFS('OB History'!$B:$B,$A$73,'OB History'!X:X, 1) -> 13 | AI73: =COUNTIFS('OB History'!$B:$B,$A$73,'OB History'!Y:Y, 1) -> 9 | AJ73: =COUNTIFS('OB History'!$B:$B,$A$73,'OB History'!Z:Z, 1) -> 12
A74: Zheanna | B74: - | C74: - | H74: =SUMIFS('OB History'!C:C,'OB History'!B:B,A74) -> 17 | I74: =AVERAGEIFS('OB History'!C:C,'OB History'!B:B,A74) -> 5.6666667 | J74: {=MEDIAN(IF('OB History'!B:B=A74, 'OB History'!C:C))} -> 6 | K74: {=MAX(IF('OB History'!B:B=A74, 'OB History'!C:C))} -> 8 | L74: =COUNTIFS('OB History'!B:B,A74,'OB History'!D:D, 1) -> 2 | M74: =COUNTIFS('OB History'!B:B,A74,'OB History'!D:D, 0) -> 1 | N74: =LOOKUP(2, 1/('OB History'!$B:$B=A74), 'OB History'!$AD:$AD) -> 0.66666667 | O74: =SUMIFS('OB History'!F:F,'OB History'!B:B,A74) -> 8 | P74: =SUMIFS('OB History'!E:E,'OB History'!B:B,A74)-O74 -> 7 | Q74: =LOOKUP(2, 1/('OB History'!$B:$B=A74), 'OB History'!$AB:$AB) -> 0.53333333 | R74: =SUMIFS('OB History'!H:H,'OB History'!B:B,'Old Bow v2'!A74) -> 34 | S74: =SUMIFS('OB History'!G:G,'OB History'!B:B,'Old Bow v2'!A74)-R74 -> 27 | T74: =LOOKUP(2, 1/('OB History'!$B:$B=A74), 'OB History'!$AC:$AC) -> 0.56 | U74: =COUNTIFS('OB History'!$B:$B,$A$74,'OB History'!K:K, 1) -> 1 | V74: =COUNTIFS('OB History'!$B:$B,$A$74,'OB History'!L:L, 1) -> 1 | W74: =COUNTIFS('OB History'!$B:$B,$A$74,'OB History'!M:M, 1) -> 0 | X74: =COUNTIFS('OB History'!$B:$B,$A$74,'OB History'!N:N, 1) -> 0 | Y74: =COUNTIFS('OB History'!$B:$B,$A$74,'OB History'!O:O, 1) -> 0 | Z74: =COUNTIFS('OB History'!$B:$B,$A$74,'OB History'!P:P, 1) -> 0 | AA74: =COUNTIFS('OB History'!$B:$B,$A$74,'OB History'!Q:Q, 1) -> 0 | AB74: =COUNTIFS('OB History'!$B:$B,$A$74,'OB History'!R:R, 1) -> 0 | AC74: =COUNTIFS('OB History'!$B:$B,$A$74,'OB History'!S:S, 1) -> 0 | AD74: =COUNTIFS('OB History'!$B:$B,$A$74,'OB History'!T:T, 1) -> 0 | AE74: =COUNTIFS('OB History'!$B:$B,$A$74,'OB History'!U:U, 1) -> 0 | AF74: =COUNTIFS('OB History'!$B:$B,$A$74,'OB History'!V:V, 1) -> 0 | AG74: =COUNTIFS('OB History'!$B:$B,$A$74,'OB History'!W:W, 1) -> 0 | AH74: =COUNTIFS('OB History'!$B:$B,$A$74,'OB History'!X:X, 1) -> 2 | AI74: =COUNTIFS('OB History'!$B:$B,$A$74,'OB History'!Y:Y, 1) -> 2 | AJ74: =COUNTIFS('OB History'!$B:$B,$A$74,'OB History'!Z:Z, 1) -> 2

Sheet OB History
A1: Date | B1: Player | C1: Kills | D1: Match Result | E1: Maps Played | F1: Maps Won | G1: Rds Played | H1: Rds Won | I1: Map % | J1: Round % | K1: Airport 1 | L1: Airport 2 | M1: Carnival | N1: Close Quarters | O1: CSL | P1: Garage | Q1: Import / Export | R1: Meat Factory | S1: Old City | T1: Parkade | U1: Peaks | V1: Presidio | W1: Scharins | X1: Training | Y1: Trainyard | Z1: Warehouse | AA1: Overall Avg Kills | AB1: Running Avg. Maps | AC1: R Avg Rounds | AD1: Running Avg. Matches
A2: 46023 | B2: Rooks | C2: 30 | D2: 1 | E2: 4 | F2: 3 | G2: 16 | H2: 10 | I2: 0.75 | J2: 0.63 | K2: 1 | L2: 0 | M2: 0 | N2: 0 | O2: 0 | P2: 0 | Q2: 0 | R2: 0 | S2: 0 | T2: 0 | U2: 0 | V2: 0 | W2: 1 | X2: 0 | Y2: 1 | Z2: 0 | AA2: =AVERAGEIFS($C$2:C2, $B$2:B2, B2) -> 30 | AB2: =AVERAGEIFS($I$2:I2, $B$2:B2, B2) -> 0.75 | AC2: =AVERAGEIFS($J$2:J2, $B$2:B2, B2) -> 0.63 | AD2: =AVERAGEIFS($D$2:D2, $B$2:B2, B2) -> 1
A3: 46023 | B3: Perception | C3: 28 | D3: 1 | E3: 4 | F3: 3 | G3: 16 | H3: 10 | I3: 0.75 | J3: 0.63 | K3: 1 | L3: 0 | M3: 0 | N3: 0 | O3: 0 | P3: 0 | Q3: 0 | R3: 0 | S3: 0 | T3: 0 | U3: 0 | V3: 0 | W3: 1 | X3: 0 | Y3: 1 | Z3: 0 | AA3: =AVERAGEIFS($C$2:C3, $B$2:B3, B3) -> 28 | AB3: =AVERAGEIFS($I$2:I3, $B$2:B3, B3) -> 0.75 | AC3: =AVERAGEIFS($J$2:J3, $B$2:B3, B3) -> 0.63 | AD3: =AVERAGEIFS($D$2:D3, $B$2:B3, B3) -> 1
A4: 46023 | B4: Merk N U | C4: 26 | D4: 1 | E4: 4 | F4: 3 | G4: 16 | H4: 10 | I4: 0.75 | J4: 0.63 | K4: 1 | L4: 0 | M4: 0 | N4: 0 | O4: 0 | P4: 0 | Q4: 0 | R4: 0 | S4: 0 | T4: 0 | U4: 0 | V4: 0 | W4: 1 | X4: 0 | Y4: 1 | Z4: 0 | AA4: =AVERAGEIFS($C$2:C4, $B$2:B4, B4) -> 26 | AB4: =AVERAGEIFS($I$2:I4, $B$2:B4, B4) -> 0.75 | AC4: =AVERAGEIFS($J$2:J4, $B$2:B4, B4) -> 0.63 | AD4: =AVERAGEIFS($D$2:D4, $B$2:B4, B4) -> 1
A5: 46023 | B5: Velocity | C5: 25 | D5: 1 | E5: 4 | F5: 3 | G5: 16 | H5: 10 | I5: 0.75 | J5: 0.63 | K5: 1 | L5: 0 | M5: 0 | N5: 0 | O5: 0 | P5: 0 | Q5: 0 | R5: 0 | S5: 0 | T5: 0 | U5: 0 | V5: 0 | W5: 1 | X5: 0 | Y5: 1 | Z5: 0 | AA5: =AVERAGEIFS($C$2:C5, $B$2:B5, B5) -> 25 | AB5: =AVERAGEIFS($I$2:I5, $B$2:B5, B5) -> 0.75 | AC5: =AVERAGEIFS($J$2:J5, $B$2:B5, B5) -> 0.63 | AD5: =AVERAGEIFS($D$2:D5, $B$2:B5, B5) -> 1
A6: 46023 | B6: Cajun | C6: 21 | D6: 1 | E6: 4 | F6: 3 | G6: 16 | H6: 10 | I6: 0.75 | J6: 0.63 | K6: 1 | L6: 0 | M6: 0 | N6: 0 | O6: 0 | P6: 0 | Q6: 0 | R6: 0 | S6: 0 | T6: 0 | U6: 0 | V6: 0 | W6: 1 | X6: 0 | Y6: 1 | Z6: 0 | AA6: =AVERAGEIFS($C$2:C6, $B$2:B6, B6) -> 21 | AB6: =AVERAGEIFS($I$2:I6, $B$2:B6, B6) -> 0.75 | AC6: =AVERAGEIFS($J$2:J6, $B$2:B6, B6) -> 0.63 | AD6: =AVERAGEIFS($D$2:D6, $B$2:B6, B6) -> 1
A7: 46023 | B7: Lethal | C7: 14 | D7: 1 | E7: 4 | F7: 3 | G7: 16 | H7: 10 | I7: 0.75 | J7: 0.63 | K7: 1 | L7: 0 | M7: 0 | N7: 0 | O7: 0 | P7: 0 | Q7: 0 | R7: 0 | S7: 0 | T7: 0 | U7: 0 | V7: 0 | W7: 1 | X7: 0 | Y7: 1 | Z7: 0 | AA7: =AVERAGEIFS($C$2:C7, $B$2:B7, B7) -> 14 | AB7: =AVERAGEIFS($I$2:I7, $B$2:B7, B7) -> 0.75 | AC7: =AVERAGEIFS($J$2:J7, $B$2:B7, B7) -> 0.63 | AD7: =AVERAGEIFS($D$2:D7, $B$2:B7, B7) -> 1
A8: 46023 | B8: Itch | C8: 12 | D8: 1 | E8: 4 | F8: 3 | G8: 16 | H8: 10 | I8: 0.75 | J8: 0.63 | K8: 1 | L8: 0 | M8: 0 | N8: 0 | O8: 0 | P8: 0 | Q8: 0 | R8: 0 | S8: 0 | T8: 0 | U8: 0 | V8: 0 | W8: 1 | X8: 0 | Y8: 1 | Z8: 0 | AA8: =AVERAGEIFS($C$2:C8, $B$2:B8, B8) -> 12 | AB8: =AVERAGEIFS($I$2:I8, $B$2:B8, B8) -> 0.75 | AC8: =AVERAGEIFS($J$2:J8, $B$2:B8, B8) -> 0.63 | AD8: =AVERAGEIFS($D$2:D8, $B$2:B8, B8) -> 1
A9: 46023 | B9: Wizzo | C9: 10 | D9: 1 | E9: 4 | F9: 3 | G9: 16 | H9: 10 | I9: 0.75 | J9: 0.63 | K9: 1 | L9: 0 | M9: 0 | N9: 0 | O9: 0 | P9: 0 | Q9: 0 | R9: 0 | S9: 0 | T9: 0 | U9: 0 | V9: 0 | W9: 1 | X9: 0 | Y9: 1 | Z9: 0 | AA9: =AVERAGEIFS($C$2:C9, $B$2:B9, B9) -> 10 | AB9: =AVERAGEIFS($I$2:I9, $B$2:B9, B9) -> 0.75 | AC9: =AVERAGEIFS($J$2:J9, $B$2:B9, B9) -> 0.63 | AD9: =AVERAGEIFS($D$2:D9, $B$2:B9, B9) -> 1
A10: 46023 | B10: Motion | C10: 35 | D10: 0 | E10: 4 | F10: 1 | G10: 16 | H10: 6 | I10: 0.25 | J10: 0.38 | K10: 0 | L10: 0 | M10: 0 | N10: 0 | O10: 0 | P10: 0 | Q10: 0 | R10: 0 | S10: 0 | T10: 0 | U10: 0 | V10: 0 | W10: 0 | X10: 0 | Y10: 0 | Z10: 1 | AA10: =AVERAGEIFS($C$2:C10, $B$2:B10, B10) -> 35 | AB10: =AVERAGEIFS($I$2:I10, $B$2:B10, B10) -> 0.25 | AC10: =AVERAGEIFS($J$2:J10, $B$2:B10, B10) -> 0.38 | AD10: =AVERAGEIFS($D$2:D10, $B$2:B10, B10) -> 0
A11: 46023 | B11: Poland | C11: 23 | D11: 0 | E11: 4 | F11: 1 | G11: 16 | H11: 6 | I11: 0.25 | J11: 0.38 | K11: 0 | L11: 0 | M11: 0 | N11: 0 | O11: 0 | P11: 0 | Q11: 0 | R11: 0 | S11: 0 | T11: 0 | U11: 0 | V11: 0 | W11: 0 | X11: 0 | Y11: 0 | Z11: 1 | AA11: =AVERAGEIFS($C$2:C11, $B$2:B11, B11) -> 23 | AB11: =AVERAGEIFS($I$2:I11, $B$2:B11, B11) -> 0.25 | AC11: =AVERAGEIFS($J$2:J11, $B$2:B11, B11) -> 0.38 | AD11: =AVERAGEIFS($D$2:D11, $B$2:B11, B11) -> 0
A12: 46023 | B12: AJ | C12: 20 | D12: 0 | E12: 4 | F12: 1 | G12: 16 | H12: 6 | I12: 0.25 | J12: 0.38 | K12: 0 | L12: 0 | M12: 0 | N12: 0 | O12: 0 | P12: 0 | Q12: 0 | R12: 0 | S12: 0 | T12: 0 | U12: 0 | V12: 0 | W12: 0 | X12: 0 | Y12: 0 | Z12: 1 | AA12: =AVERAGEIFS($C$2:C12, $B$2:B12, B12) -> 20 | AB12: =AVERAGEIFS($I$2:I12, $B$2:B12, B12) -> 0.25 | AC12: =AVERAGEIFS($J$2:J12, $B$2:B12, B12) -> 0.38 | AD12: =AVERAGEIFS($D$2:D12, $B$2:B12, B12) -> 0
A13: 46023 | B13: Hopes | C13: 19 | D13: 0 | E13: 4 | F13: 1 | G13: 16 | H13: 6 | I13: 0.25 | J13: 0.38 | K13: 0 | L13: 0 | M13: 0 | N13: 0 | O13: 0 | P13: 0 | Q13: 0 | R13: 0 | S13: 0 | T13: 0 | U13: 0 | V13: 0 | W13: 0 | X13: 0 | Y13: 0 | Z13: 1 | AA13: =AVERAGEIFS($C$2:C13, $B$2:B13, B13) -> 19 | AB13: =AVERAGEIFS($I$2:I13, $B$2:B13, B13) -> 0.25 | AC13: =AVERAGEIFS($J$2:J13, $B$2:B13, B13) -> 0.38 | AD13: =AVERAGEIFS($D$2:D13, $B$2:B13, B13) -> 0
... A2538: 46321 | B2538: Wizzo | C2538: 8 | D2538: 0 | E2538: 4 | F2538: 1 | G2538: 15 | H2538: 4 | I2538: 0.25 | J2538: 0.27 | K2538: 0 | L2538: 0 | M2538: 0 | N2538: 1 | O2538: 0 | P2538: 0 | Q2538: 0 | R2538: 0 | S2538: 0 | T2538: 0 | U2538: 0 | V2538: 0 | W2538: 0 | X2538: 0 | Y2538: 0 | Z2538: 0 | AA2538: =AVERAGEIFS($C$2:C2538, $B$2:B2538, B2538) -> 10.742857 | AB2538: =AVERAGEIFS($I$2:I2538, $B$2:B2538, B2538) -> 0.53571429 | AC2538: =AVERAGEIFS($J$2:J2538, $B$2:B2538, B2538) -> 0.51285714 | AD2538: =AVERAGEIFS($D$2:D2538, $B$2:B2538, B2538) -> 0.54285714

Sheet OB Season 3
A1: Player | B1: Trophies | C1: MVPs | D1: 4 Piece | E1: 5 Piece | F1: 6 Piece | G1: 7 Piece | H1: Kills | I1: Avg. Kills | J1: Highest Single Game Kills | K1: Match Wins | L1: Match Losses | M1: Match % | N1: Map Wins | O1: Map Losses | P1: Map % | Q1: Round Wins | R1: Round Losses | S1: Round % | T1: Airport 1 | U1: Airport 2 | V1: Carnival | W1: Close Quarters | X1: CSL | Y1: Garage | Z1: Import / Export | AA1: Meat Factory | AB1: Old City | AC1: Parkade | AD1: Peaks | AE1: Presidio | AF1: Scharins | AG1: Training | AH1: Trainyard | AI1: Warehouse
A2: AftaShock | B2: 🏆 | C2: - | D2: 1 | H2: =SUMIFS('OB History S3'!C:C,'OB History S3'!B:B,A2) -> 133 | I2: =AVERAGEIFS('OB History S3'!C:C,'OB History S3'!B:B,A2) -> 12.090909 | J2: {=MAX(IF('OB History S3'!B:B=A2, 'OB History S3'!C:C))} -> 26 | K2: =COUNTIFS('OB History S3'!B:B,A2,'OB History S3'!D:D, 1) -> 4 | L2: =COUNTIFS('OB History S3'!B:B,A2,'OB History S3'!D:D, 0) -> 7 | M2: =LOOKUP(2, 1/('OB History S3'!$B:$B=A2), 'OB History S3'!$AD:$AD) -> 0.36363636 | N2: =SUMIFS('OB History S3'!F:F,'OB History S3'!B:B,A2) -> 19 | O2: =SUMIFS('OB History S3'!E:E,'OB History S3'!B:B,A2)-N2 -> 25 | P2: =LOOKUP(2, 1/('OB History S3'!$B:$B=A2), 'OB History S3'!$AB:$AB) -> 0.42272727 | Q2: =SUMIFS('OB History S3'!H:H,'OB History S3'!B:B,A2) -> 80 | R2: =SUMIFS('OB History S3'!G:G,'OB History S3'!B:B,A2)-Q2 -> 100 | S2: =LOOKUP(2, 1/('OB History S3'!$B:$B=A2), 'OB History S3'!$AC:$AC) -> 0.42909091 | T2: =COUNTIFS('OB History S3'!$B:$B,$A$2,'OB History S3'!K:K, 1) -> 1 | U2: =COUNTIFS('OB History S3'!$B:$B,$A$2,'OB History S3'!L:L, 1) -> 2 | V2: =COUNTIFS('OB History S3'!$B:$B,$A$2,'OB History S3'!M:M, 1) -> 1 | W2: =COUNTIFS('OB History S3'!$B:$B,$A$2,'OB History S3'!N:N, 1) -> 3 | X2: =COUNTIFS('OB History S3'!$B:$B,$A$2,'OB History S3'!O:O, 1) -> 0 | Y2: =COUNTIFS('OB History S3'!$B:$B,$A$2,'OB History S3'!P:P, 1) -> 0 | Z2: =COUNTIFS('OB History S3'!$B:$B,$A$2,'OB History S3'!Q:Q, 1) -> 1 | AA2: =COUNTIFS('OB History S3'!$B:$B,$A$2,'OB History S3'!R:R, 1) -> 0 | AB2: =COUNTIFS('OB History S3'!$B:$B,$A$2,'OB History S3'!S:S, 1) -> 0 | AC2: =COUNTIFS('OB History S3'!$B:$B,$A$2,'OB History S3'!T:T, 1) -> 0 | AD2: =COUNTIFS('OB History S3'!$B:$B,$A$2,'OB History S3'!U:U, 1) -> 0 | AE2: =COUNTIFS('OB History S3'!$B:$B,$A$2,'OB History S3'!V:V, 1) -> 0 | AF2: =COUNTIFS('OB History S3'!$B:$B,$A$2,'OB History S3'!W:W, 1) -> 0 | AG2: =COUNTIFS('OB History S3'!$B:$B,$A$2,'OB History S3'!X:X, 1) -> 3 | AH2: =COUNTIFS('OB History S3'!$B:$B,$A$2,'OB History S3'!Y:Y, 1) -> 4 | AI2: =COUNTIFS('OB History S3'!$B:$B,$A$2,'OB History S3'!Z:Z, 1) -> 4
A3: Agile | B3: - | C3: - | D3: 1 | H3: =SUMIFS('OB History S3'!C:C,'OB History S3'!B:B,A3) -> 217 | I3: =AVERAGEIFS('OB History S3'!C:C,'OB History S3'!B:B,A3) -> 14.466667 | J3: {=MAX(IF('OB History S3'!B:B=A3, 'OB History S3'!C:C))} -> 25 | K3: =COUNTIFS('OB History S3'!B:B,A3,'OB History S3'!D:D, 1) -> 5 | L3: =COUNTIFS('OB History S3'!B:B,A3,'OB History S3'!D:D, 0) -> 10 | M3: =LOOKUP(2, 1/('OB History S3'!$B:$B=A3), 'OB History S3'!$AD:$AD) -> 0.33333333 | N3: =SUMIFS('OB History S3'!F:F,'OB History S3'!B:B,A3) -> 32 | O3: =SUMIFS('OB History S3'!E:E,'OB History S3'!B:B,A3)-N3 -> 35 | P3: =LOOKUP(2, 1/('OB History S3'!$B:$B=A3), 'OB History S3'!$AB:$AB) -> 0.49333333 | Q3: =SUMIFS('OB History S3'!H:H,'OB History S3'!B:B,A3) -> 135 | R3: =SUMIFS('OB History S3'!G:G,'OB History S3'!B:B,A3)-Q3 -> 136 | S3: =LOOKUP(2, 1/('OB History S3'!$B:$B=A3), 'OB History S3'!$AC:$AC) -> 0.50666667 | T3: =COUNTIFS('OB History S3'!$B:$B,$A$3,'OB History S3'!K:K, 1) -> 4 | U3: =COUNTIFS('OB History S3'!$B:$B,$A$3,'OB History S3'!L:L, 1) -> 3 | V3: =COUNTIFS('OB History S3'!$B:$B,$A$3,'OB History S3'!M:M, 1) -> 2 | W3: =COUNTIFS('OB History S3'!$B:$B,$A$3,'OB History S3'!N:N, 1) -> 2 | X3: =COUNTIFS('OB History S3'!$B:$B,$A$3,'OB History S3'!O:O, 1) -> 1 | Y3: =COUNTIFS('OB History S3'!$B:$B,$A$3,'OB History S3'!P:P, 1) -> 2 | Z3: =COUNTIFS('OB History S3'!$B:$B,$A$3,'OB History S3'!Q:Q, 1) -> 0 | AA3: =COUNTIFS('OB History S3'!$B:$B,$A$3,'OB History S3'!R:R, 1) -> 2 | AB3: =COUNTIFS('OB History S3'!$B:$B,$A$3,'OB History S3'!S:S, 1) -> 0 | AC3: =COUNTIFS('OB History S3'!$B:$B,$A$3,'OB History S3'!T:T, 1) -> 1 | AD3: =COUNTIFS('OB History S3'!$B:$B,$A$3,'OB History S3'!U:U, 1) -> 0 | AE3: =COUNTIFS('OB History S3'!$B:$B,$A$3,'OB History S3'!V:V, 1) -> 0 | AF3: =COUNTIFS('OB History S3'!$B:$B,$A$3,'OB History S3'!W:W, 1) -> 3 | AG3: =COUNTIFS('OB History S3'!$B:$B,$A$3,'OB History S3'!X:X, 1) -> 2 | AH3: =COUNTIFS('OB History S3'!$B:$B,$A$3,'OB History S3'!Y:Y, 1) -> 7 | AI3: =COUNTIFS('OB History S3'!$B:$B,$A$3,'OB History S3'!Z:Z, 1) -> 3
A4: AJ | B4: - | C4: - | D4: 1 | E4: 1 | H4: =SUMIFS('OB History S3'!C:C,'OB History S3'!B:B,A4) -> 426 | I4: =AVERAGEIFS('OB History S3'!C:C,'OB History S3'!B:B,A4) -> 18.521739 | J4: {=MAX(IF('OB History S3'!B:B=A4, 'OB History S3'!C:C))} -> 34 | K4: =COUNTIFS('OB History S3'!B:B,A4,'OB History S3'!D:D, 1) -> 11 | L4: =COUNTIFS('OB History S3'!B:B,A4,'OB History S3'!D:D, 0) -> 12 | M4: =LOOKUP(2, 1/('OB History S3'!$B:$B=A4), 'OB History S3'!$AD:$AD) -> 0.47826087 | N4: =SUMIFS('OB History S3'!F:F,'OB History S3'!B:B,A4) -> 44 | O4: =SUMIFS('OB History S3'!E:E,'OB History S3'!B:B,A4)-N4 -> 45 | P4: =LOOKUP(2, 1/('OB History S3'!$B:$B=A4), 'OB History S3'!$AB:$AB) -> 0.50130435 | Q4: =SUMIFS('OB History S3'!H:H,'OB History S3'!B:B,A4) -> 175 | R4: =SUMIFS('OB History S3'!G:G,'OB History S3'!B:B,A4)-Q4 -> 184 | S4: =LOOKUP(2, 1/('OB History S3'!$B:$B=A4), 'OB History S3'!$AC:$AC) -> 0.49304348 | T4: =COUNTIFS('OB History S3'!$B:$B,$A$4,'OB History S3'!K:K, 1) -> 6 | U4: =COUNTIFS('OB History S3'!$B:$B,$A$4,'OB History S3'!L:L, 1) -> 6 | V4: =COUNTIFS('OB History S3'!$B:$B,$A$4,'OB History S3'!M:M, 1) -> 1 | W4: =COUNTIFS('OB History S3'!$B:$B,$A$4,'OB History S3'!N:N, 1) -> 3 | X4: =COUNTIFS('OB History S3'!$B:$B,$A$4,'OB History S3'!O:O, 1) -> 2 | Y4: =COUNTIFS('OB History S3'!$B:$B,$A$4,'OB History S3'!P:P, 1) -> 4 | Z4: =COUNTIFS('OB History S3'!$B:$B,$A$4,'OB History S3'!Q:Q, 1) -> 1 | AA4: =COUNTIFS('OB History S3'!$B:$B,$A$4,'OB History S3'!R:R, 1) -> 2 | AB4: =COUNTIFS('OB History S3'!$B:$B,$A$4,'OB History S3'!S:S, 1) -> 0 | AC4: =COUNTIFS('OB History S3'!$B:$B,$A$4,'OB History S3'!T:T, 1) -> 0 | AD4: =COUNTIFS('OB History S3'!$B:$B,$A$4,'OB History S3'!U:U, 1) -> 0 | AE4: =COUNTIFS('OB History S3'!$B:$B,$A$4,'OB History S3'!V:V, 1) -> 1 | AF4: =COUNTIFS('OB History S3'!$B:$B,$A$4,'OB History S3'!W:W, 1) -> 1 | AG4: =COUNTIFS('OB History S3'!$B:$B,$A$4,'OB History S3'!X:X, 1) -> 5 | AH4: =COUNTIFS('OB History S3'!$B:$B,$A$4,'OB History S3'!Y:Y, 1) -> 6 | AI4: =COUNTIFS('OB History S3'!$B:$B,$A$4,'OB History S3'!Z:Z, 1) -> 6
A5: Bearded | B5: - | C5: - | D5: 1 | H5: =SUMIFS('OB History S3'!C:C,'OB History S3'!B:B,A5) -> 125 | I5: =AVERAGEIFS('OB History S3'!C:C,'OB History S3'!B:B,A5) -> 10.416667 | J5: {=MAX(IF('OB History S3'!B:B=A5, 'OB History S3'!C:C))} -> 19 | K5: =COUNTIFS('OB History S3'!B:B,A5,'OB History S3'!D:D, 1) -> 6 | L5: =COUNTIFS('OB History S3'!B:B,A5,'OB History S3'!D:D, 0) -> 6 | M5: =LOOKUP(2, 1/('OB History S3'!$B:$B=A5), 'OB History S3'!$AD:$AD) -> 0.5 | N5: =SUMIFS('OB History S3'!F:F,'OB History S3'!B:B,A5) -> 28 | O5: =SUMIFS('OB History S3'!E:E,'OB History S3'!B:B,A5)-N5 -> 25 | P5: =LOOKUP(2, 1/('OB History S3'!$B:$B=A5), 'OB History S3'!$AB:$AB) -> 0.54583333 | Q5: =SUMIFS('OB History S3'!H:H,'OB History S3'!B:B,A5) -> 117 | R5: =SUMIFS('OB History S3'!G:G,'OB History S3'!B:B,A5)-Q5 -> 104 | S5: =LOOKUP(2, 1/('OB History S3'!$B:$B=A5), 'OB History S3'!$AC:$AC) -> 0.54166667 | T5: =COUNTIFS('OB History S3'!$B:$B,$A$5,'OB History S3'!K:K, 1) -> 3 | U5: =COUNTIFS('OB History S3'!$B:$B,$A$5,'OB History S3'!L:L, 1) -> 2 | V5: =COUNTIFS('OB History S3'!$B:$B,$A$5,'OB History S3'!M:M, 1) -> 0 | W5: =COUNTIFS('OB History S3'!$B:$B,$A$5,'OB History S3'!N:N, 1) -> 4 | X5: =COUNTIFS('OB History S3'!$B:$B,$A$5,'OB History S3'!O:O, 1) -> 0 | Y5: =COUNTIFS('OB History S3'!$B:$B,$A$5,'OB History S3'!P:P, 1) -> 1 | Z5: =COUNTIFS('OB History S3'!$B:$B,$A$5,'OB History S3'!Q:Q, 1) -> 0 | AA5: =COUNTIFS('OB History S3'!$B:$B,$A$5,'OB History S3'!R:R, 1) -> 2 | AB5: =COUNTIFS('OB History S3'!$B:$B,$A$5,'OB History S3'!S:S, 1) -> 0 | AC5: =COUNTIFS('OB History S3'!$B:$B,$A$5,'OB History S3'!T:T, 1) -> 0 | AD5: =COUNTIFS('OB History S3'!$B:$B,$A$5,'OB History S3'!U:U, 1) -> 0 | AE5: =COUNTIFS('OB History S3'!$B:$B,$A$5,'OB History S3'!V:V, 1) -> 0 | AF5: =COUNTIFS('OB History S3'!$B:$B,$A$5,'OB History S3'!W:W, 1) -> 3 | AG5: =COUNTIFS('OB History S3'!$B:$B,$A$5,'OB History S3'!X:X, 1) -> 4 | AH5: =COUNTIFS('OB History S3'!$B:$B,$A$5,'OB History S3'!Y:Y, 1) -> 4 | AI5: =COUNTIFS('OB History S3'!$B:$B,$A$5,'OB History S3'!Z:Z, 1) -> 4
A6: BelievedKiller | B6: - | C6: - | H6: =SUMIFS('OB History S3'!C:C,'OB History S3'!B:B,A6) -> 5 | I6: =AVERAGEIFS('OB History S3'!C:C,'OB History S3'!B:B,A6) -> 5 | J6: {=MAX(IF('OB History S3'!B:B=A6, 'OB History S3'!C:C))} -> 5 | K6: =COUNTIFS('OB History S3'!B:B,A6,'OB History S3'!D:D, 1) -> 0 | L6: =COUNTIFS('OB History S3'!B:B,A6,'OB History S3'!D:D, 0) -> 1 | M6: =LOOKUP(2, 1/('OB History S3'!$B:$B=A6), 'OB History S3'!$AD:$AD) -> 0 | N6: =SUMIFS('OB History S3'!F:F,'OB History S3'!B:B,A6) -> 2 | O6: =SUMIFS('OB History S3'!E:E,'OB History S3'!B:B,A6)-N6 -> 3 | P6: =LOOKUP(2, 1/('OB History S3'!$B:$B=A6), 'OB History S3'!$AB:$AB) -> 0.4 | Q6: =SUMIFS('OB History S3'!H:H,'OB History S3'!B:B,A6) -> 8 | R6: =SUMIFS('OB History S3'!G:G,'OB History S3'!B:B,A6)-Q6 -> 12 | S6: =LOOKUP(2, 1/('OB History S3'!$B:$B=A6), 'OB History S3'!$AC:$AC) -> 0.4 | T6: =COUNTIFS('OB History S3'!$B:$B,$A$6,'OB History S3'!K:K, 1) -> 0 | U6: =COUNTIFS('OB History S3'!$B:$B,$A$6,'OB History S3'!L:L, 1) -> 0 | V6: =COUNTIFS('OB History S3'!$B:$B,$A$6,'OB History S3'!M:M, 1) -> 0 | W6: =COUNTIFS('OB History S3'!$B:$B,$A$6,'OB History S3'!N:N, 1) -> 0 | X6: =COUNTIFS('OB History S3'!$B:$B,$A$6,'OB History S3'!O:O, 1) -> 1 | Y6: =COUNTIFS('OB History S3'!$B:$B,$A$6,'OB History S3'!P:P, 1) -> 0 | Z6: =COUNTIFS('OB History S3'!$B:$B,$A$6,'OB History S3'!Q:Q, 1) -> 0 | AA6: =COUNTIFS('OB History S3'!$B:$B,$A$6,'OB History S3'!R:R, 1) -> 1 | AB6: =COUNTIFS('OB History S3'!$B:$B,$A$6,'OB History S3'!S:S, 1) -> 0 | AC6: =COUNTIFS('OB History S3'!$B:$B,$A$6,'OB History S3'!T:T, 1) -> 0 | AD6: =COUNTIFS('OB History S3'!$B:$B,$A$6,'OB History S3'!U:U, 1) -> 0 | AE6: =COUNTIFS('OB History S3'!$B:$B,$A$6,'OB History S3'!V:V, 1) -> 0 | AF6: =COUNTIFS('OB History S3'!$B:$B,$A$6,'OB History S3'!W:W, 1) -> 0 | AG6: =COUNTIFS('OB History S3'!$B:$B,$A$6,'OB History S3'!X:X, 1) -> 0 | AH6: =COUNTIFS('OB History S3'!$B:$B,$A$6,'OB History S3'!Y:Y, 1) -> 0 | AI6: =COUNTIFS('OB History S3'!$B:$B,$A$6,'OB History S3'!Z:Z, 1) -> 0
A7: Broken | B7: 🏆 | C7: 👑 | D7: 3 | E7: 2 | H7: =SUMIFS('OB History S3'!C:C,'OB History S3'!B:B,A7) -> 560 | I7: =AVERAGEIFS('OB History S3'!C:C,'OB History S3'!B:B,A7) -> 20.740741 | J7: {=MAX(IF('OB History S3'!B:B=A7, 'OB History S3'!C:C))} -> 37 | K7: =COUNTIFS('OB History S3'!B:B,A7,'OB History S3'!D:D, 1) -> 20 | L7: =COUNTIFS('OB History S3'!B:B,A7,'OB History S3'!D:D, 0) -> 7 | M7: =LOOKUP(2, 1/('OB History S3'!$B:$B=A7), 'OB History S3'!$AD:$AD) -> 0.74074074 | N7: =SUMIFS('OB History S3'!F:F,'OB History S3'!B:B,A7) -> 67 | O7: =SUMIFS('OB History S3'!E:E,'OB History S3'!B:B,A7)-N7 -> 44 | P7: =LOOKUP(2, 1/('OB History S3'!$B:$B=A7), 'OB History S3'!$AB:$AB) -> 0.6062963 | Q7: =SUMIFS('OB History S3'!H:H,'OB History S3'!B:B,A7) -> 248 | R7: =SUMIFS('OB History S3'!G:G,'OB History S3'!B:B,A7)-Q7 -> 208 | S7: =LOOKUP(2, 1/('OB History S3'!$B:$B=A7), 'OB History S3'!$AC:$AC) -> 0.55296296 | T7: =COUNTIFS('OB History S3'!$B:$B,$A$7,'OB History S3'!K:K, 1) -> 8 | U7: =COUNTIFS('OB History S3'!$B:$B,$A$7,'OB History S3'!L:L, 1) -> 8 | V7: =COUNTIFS('OB History S3'!$B:$B,$A$7,'OB History S3'!M:M, 1) -> 3 | W7: =COUNTIFS('OB History S3'!$B:$B,$A$7,'OB History S3'!N:N, 1) -> 2 | X7: =COUNTIFS('OB History S3'!$B:$B,$A$7,'OB History S3'!O:O, 1) -> 6 | Y7: =COUNTIFS('OB History S3'!$B:$B,$A$7,'OB History S3'!P:P, 1) -> 3 | Z7: =COUNTIFS('OB History S3'!$B:$B,$A$7,'OB History S3'!Q:Q, 1) -> 1 | AA7: =COUNTIFS('OB History S3'!$B:$B,$A$7,'OB History S3'!R:R, 1) -> 2 | AB7: =COUNTIFS('OB History S3'!$B:$B,$A$7,'OB History S3'!S:S, 1) -> 0 | AC7: =COUNTIFS('OB History S3'!$B:$B,$A$7,'OB History S3'!T:T, 1) -> 1 | AD7: =COUNTIFS('OB History S3'!$B:$B,$A$7,'OB History S3'!U:U, 1) -> 1 | AE7: =COUNTIFS('OB History S3'!$B:$B,$A$7,'OB History S3'!V:V, 1) -> 1 | AF7: =COUNTIFS('OB History S3'!$B:$B,$A$7,'OB History S3'!W:W, 1) -> 2 | AG7: =COUNTIFS('OB History S3'!$B:$B,$A$7,'OB History S3'!X:X, 1) -> 7 | AH7: =COUNTIFS('OB History S3'!$B:$B,$A$7,'OB History S3'!Y:Y, 1) -> 9 | AI7: =COUNTIFS('OB History S3'!$B:$B,$A$7,'OB History S3'!Z:Z, 1) -> 10
A8: Budden | B8: - | C8: - | H8: =SUMIFS('OB History S3'!C:C,'OB History S3'!B:B,A8) -> 152 | I8: =AVERAGEIFS('OB History S3'!C:C,'OB History S3'!B:B,A8) -> 12.666667 | J8: {=MAX(IF('OB History S3'!B:B=A8, 'OB History S3'!C:C))} -> 21 | K8: =COUNTIFS('OB History S3'!B:B,A8,'OB History S3'!D:D, 1) -> 4 | L8: =COUNTIFS('OB History S3'!B:B,A8,'OB History S3'!D:D, 0) -> 8 | M8: =LOOKUP(2, 1/('OB History S3'!$B:$B=A8), 'OB History S3'!$AD:$AD) -> 0.33333333 | N8: =SUMIFS('OB History S3'!F:F,'OB History S3'!B:B,A8) -> 22 | O8: =SUMIFS('OB History S3'!E:E,'OB History S3'!B:B,A8)-N8 -> 27 | P8: =LOOKUP(2, 1/('OB History S3'!$B:$B=A8), 'OB History S3'!$AB:$AB) -> 0.45416667 | Q8: =SUMIFS('OB History S3'!H:H,'OB History S3'!B:B,A8) -> 106 | R8: =SUMIFS('OB History S3'!G:G,'OB History S3'!B:B,A8)-Q8 -> 108 | S8: =LOOKUP(2, 1/('OB History S3'!$B:$B=A8), 'OB History S3'!$AC:$AC) -> 0.50666667 | T8: =COUNTIFS('OB History S3'!$B:$B,$A$8,'OB History S3'!K:K, 1) -> 2 | U8: =COUNTIFS('OB History S3'!$B:$B,$A$8,'OB History S3'!L:L, 1) -> 4 | V8: =COUNTIFS('OB History S3'!$B:$B,$A$8,'OB History S3'!M:M, 1) -> 0 | W8: =COUNTIFS('OB History S3'!$B:$B,$A$8,'OB History S3'!N:N, 1) -> 2 | X8: =COUNTIFS('OB History S3'!$B:$B,$A$8,'OB History S3'!O:O, 1) -> 2 | Y8: =COUNTIFS('OB History S3'!$B:$B,$A$8,'OB History S3'!P:P, 1) -> 1 | Z8: =COUNTIFS('OB History S3'!$B:$B,$A$8,'OB History S3'!Q:Q, 1) -> 1 | AA8: =COUNTIFS('OB History S3'!$B:$B,$A$8,'OB History S3'!R:R, 1) -> 2 | AB8: =COUNTIFS('OB History S3'!$B:$B,$A$8,'OB History S3'!S:S, 1) -> 0 | AC8: =COUNTIFS('OB History S3'!$B:$B,$A$8,'OB History S3'!T:T, 1) -> 0 | AD8: =COUNTIFS('OB History S3'!$B:$B,$A$8,'OB History S3'!U:U, 1) -> 0 | AE8: =COUNTIFS('OB History S3'!$B:$B,$A$8,'OB History S3'!V:V, 1) -> 0 | AF8: =COUNTIFS('OB History S3'!$B:$B,$A$8,'OB History S3'!W:W, 1) -> 0 | AG8: =COUNTIFS('OB History S3'!$B:$B,$A$8,'OB History S3'!X:X, 1) -> 2 | AH8: =COUNTIFS('OB History S3'!$B:$B,$A$8,'OB History S3'!Y:Y, 1) -> 3 | AI8: =COUNTIFS('OB History S3'!$B:$B,$A$8,'OB History S3'!Z:Z, 1) -> 3
A9: Cajun | B9: 🏆🏆 | C9: - | H9: =SUMIFS('OB History S3'!C:C,'OB History S3'!B:B,A9) -> 204 | I9: =AVERAGEIFS('OB History S3'!C:C,'OB History S3'!B:B,A9) -> 12 | J9: {=MAX(IF('OB History S3'!B:B=A9, 'OB History S3'!C:C))} -> 20 | K9: =COUNTIFS('OB History S3'!B:B,A9,'OB History S3'!D:D, 1) -> 7 | L9: =COUNTIFS('OB History S3'!B:B,A9,'OB History S3'!D:D, 0) -> 10 | M9: =LOOKUP(2, 1/('OB History S3'!$B:$B=A9), 'OB History S3'!$AD:$AD) -> 0.41176471 | N9: =SUMIFS('OB History S3'!F:F,'OB History S3'!B:B,A9) -> 32 | O9: =SUMIFS('OB History S3'!E:E,'OB History S3'!B:B,A9)-N9 -> 39 | P9: =LOOKUP(2, 1/('OB History S3'!$B:$B=A9), 'OB History S3'!$AB:$AB) -> 0.43529412 | Q9: =SUMIFS('OB History S3'!H:H,'OB History S3'!B:B,A9) -> 145 | R9: =SUMIFS('OB History S3'!G:G,'OB History S3'!B:B,A9)-Q9 -> 151 | S9: =LOOKUP(2, 1/('OB History S3'!$B:$B=A9), 'OB History S3'!$AC:$AC) -> 0.48 | T9: =COUNTIFS('OB History S3'!$B:$B,$A$9,'OB History S3'!K:K, 1) -> 4 | U9: =COUNTIFS('OB History S3'!$B:$B,$A$9,'OB History S3'!L:L, 1) -> 0 | V9: =COUNTIFS('OB History S3'!$B:$B,$A$9,'OB History S3'!M:M, 1) -> 0 | W9: =COUNTIFS('OB History S3'!$B:$B,$A$9,'OB History S3'!N:N, 1) -> 7 | X9: =COUNTIFS('OB History S3'!$B:$B,$A$9,'OB History S3'!O:O, 1) -> 2 | Y9: =COUNTIFS('OB History S3'!$B:$B,$A$9,'OB History S3'!P:P, 1) -> 1 | Z9: =COUNTIFS('OB History S3'!$B:$B,$A$9,'OB History S3'!Q:Q, 1) -> 0 | AA9: =COUNTIFS('OB History S3'!$B:$B,$A$9,'OB History S3'!R:R, 1) -> 0 | AB9: =COUNTIFS('OB History S3'!$B:$B,$A$9,'OB History S3'!S:S, 1) -> 2 | AC9: =COUNTIFS('OB History S3'!$B:$B,$A$9,'OB History S3'!T:T, 1) -> 0 | AD9: =COUNTIFS('OB History S3'!$B:$B,$A$9,'OB History S3'!U:U, 1) -> 0 | AE9: =COUNTIFS('OB History S3'!$B:$B,$A$9,'OB History S3'!V:V, 1) -> 0 | AF9: =COUNTIFS('OB History S3'!$B:$B,$A$9,'OB History S3'!W:W, 1) -> 1 | AG9: =COUNTIFS('OB History S3'!$B:$B,$A$9,'OB History S3'!X:X, 1) -> 7 | AH9: =COUNTIFS('OB History S3'!$B:$B,$A$9,'OB History S3'!Y:Y, 1) -> 2 | AI9: =COUNTIFS('OB History S3'!$B:$B,$A$9,'OB History S3'!Z:Z, 1) -> 6
A10: Carnage | B10: - | C10: - | H10: =SUMIFS('OB History S3'!C:C,'OB History S3'!B:B,A10) -> 494 | I10: =AVERAGEIFS('OB History S3'!C:C,'OB History S3'!B:B,A10) -> 12.04878 | J10: {=MAX(IF('OB History S3'!B:B=A10, 'OB History S3'!C:C))} -> 23 | K10: =COUNTIFS('OB History S3'!B:B,A10,'OB History S3'!D:D, 1) -> 17 | L10: =COUNTIFS('OB History S3'!B:B,A10,'OB History S3'!D:D, 0) -> 24 | M10: =LOOKUP(2, 1/('OB History S3'!$B:$B=A10), 'OB History S3'!$AD:$AD) -> 0.41463415 | N10: =SUMIFS('OB History S3'!F:F,'OB History S3'!B:B,A10) -> 84 | O10: =SUMIFS('OB History S3'!E:E,'OB History S3'!B:B,A10)-N10 -> 87 | P10: =LOOKUP(2, 1/('OB History S3'!$B:$B=A10), 'OB History S3'!$AB:$AB) -> 0.51219512 | Q10: =SUMIFS('OB History S3'!H:H,'OB History S3'!B:B,A10) -> 349 | R10: =SUMIFS('OB History S3'!G:G,'OB History S3'!B:B,A10)-Q10 -> 357 | S10: =LOOKUP(2, 1/('OB History S3'!$B:$B=A10), 'OB History S3'!$AC:$AC) -> 0.50390244 | T10: =COUNTIFS('OB History S3'!$B:$B,$A$10,'OB History S3'!K:K, 1) -> 10 | U10: =COUNTIFS('OB History S3'!$B:$B,$A$10,'OB History S3'!L:L, 1) -> 5 | V10: =COUNTIFS('OB History S3'!$B:$B,$A$10,'OB History S3'!M:M, 1) -> 0 | W10: =COUNTIFS('OB History S3'!$B:$B,$A$10,'OB History S3'!N:N, 1) -> 13 | X10: =COUNTIFS('OB History S3'!$B:$B,$A$10,'OB History S3'!O:O, 1) -> 2 | Y10: =COUNTIFS('OB History S3'!$B:$B,$A$10,'OB History S3'!P:P, 1) -> 4 | Z10: =COUNTIFS('OB History S3'!$B:$B,$A$10,'OB History S3'!Q:Q, 1) -> 2 | AA10: =COUNTIFS('OB History S3'!$B:$B,$A$10,'OB History S3'!R:R, 1) -> 1 | AB10: =COUNTIFS('OB History S3'!$B:$B,$A$10,'OB History S3'!S:S, 1) -> 3 | AC10: =COUNTIFS('OB History S3'!$B:$B,$A$10,'OB History S3'!T:T, 1) -> 0 | AD10: =COUNTIFS('OB History S3'!$B:$B,$A$10,'OB History S3'!U:U, 1) -> 0 | AE10: =COUNTIFS('OB History S3'!$B:$B,$A$10,'OB History S3'!V:V, 1) -> 2 | AF10: =COUNTIFS('OB History S3'!$B:$B,$A$10,'OB History S3'!W:W, 1) -> 5 | AG10: =COUNTIFS('OB History S3'!$B:$B,$A$10,'OB History S3'!X:X, 1) -> 16 | AH10: =COUNTIFS('OB History S3'!$B:$B,$A$10,'OB History S3'!Y:Y, 1) -> 5 | AI10: =COUNTIFS('OB History S3'!$B:$B,$A$10,'OB History S3'!Z:Z, 1) -> 15
A11: Choi | B11: 🏆 | C11: - | E11: 1 | H11: =SUMIFS('OB History S3'!C:C,'OB History S3'!B:B,A11) -> 253 | I11: =AVERAGEIFS('OB History S3'!C:C,'OB History S3'!B:B,A11) -> 19.461538 | J11: {=MAX(IF('OB History S3'!B:B=A11, 'OB History S3'!C:C))} -> 42 | K11: =COUNTIFS('OB History S3'!B:B,A11,'OB History S3'!D:D, 1) -> 7 | L11: =COUNTIFS('OB History S3'!B:B,A11,'OB History S3'!D:D, 0) -> 6 | M11: =LOOKUP(2, 1/('OB History S3'!$B:$B=A11), 'OB History S3'!$AD:$AD) -> 0.53846154 | N11: =SUMIFS('OB History S3'!F:F,'OB History S3'!B:B,A11) -> 28 | O11: =SUMIFS('OB History S3'!E:E,'OB History S3'!B:B,A11)-N11 -> 24 | P11: =LOOKUP(2, 1/('OB History S3'!$B:$B=A11), 'OB History S3'!$AB:$AB) -> 0.54230769 | Q11: =SUMIFS('OB History S3'!H:H,'OB History S3'!B:B,A11) -> 112 | R11: =SUMIFS('OB History S3'!G:G,'OB History S3'!B:B,A11)-Q11 -> 109 | S11: =LOOKUP(2, 1/('OB History S3'!$B:$B=A11), 'OB History S3'!$AC:$AC) -> 0.49153846 | T11: =COUNTIFS('OB History S3'!$B:$B,$A$11,'OB History S3'!K:K, 1) -> 4 | U11: =COUNTIFS('OB History S3'!$B:$B,$A$11,'OB History S3'!L:L, 1) -> 2 | V11: =COUNTIFS('OB History S3'!$B:$B,$A$11,'OB History S3'!M:M, 1) -> 1 | W11: =COUNTIFS('OB History S3'!$B:$B,$A$11,'OB History S3'!N:N, 1) -> 3 | X11: =COUNTIFS('OB History S3'!$B:$B,$A$11,'OB History S3'!O:O, 1) -> 0 | Y11: =COUNTIFS('OB History S3'!$B:$B,$A$11,'OB History S3'!P:P, 1) -> 1 | Z11: =COUNTIFS('OB History S3'!$B:$B,$A$11,'OB History S3'!Q:Q, 1) -> 0 | AA11: =COUNTIFS('OB History S3'!$B:$B,$A$11,'OB History S3'!R:R, 1) -> 0 | AB11: =COUNTIFS('OB History S3'!$B:$B,$A$11,'OB History S3'!S:S, 1) -> 0 | AC11: =COUNTIFS('OB History S3'!$B:$B,$A$11,'OB History S3'!T:T, 1) -> 0 | AD11: =COUNTIFS('OB History S3'!$B:$B,$A$11,'OB History S3'!U:U, 1) -> 1 | AE11: =COUNTIFS('OB History S3'!$B:$B,$A$11,'OB History S3'!V:V, 1) -> 1 | AF11: =COUNTIFS('OB History S3'!$B:$B,$A$11,'OB History S3'!W:W, 1) -> 1 | AG11: =COUNTIFS('OB History S3'!$B:$B,$A$11,'OB History S3'!X:X, 1) -> 4 | AH11: =COUNTIFS('OB History S3'!$B:$B,$A$11,'OB History S3'!Y:Y, 1) -> 5 | AI11: =COUNTIFS('OB History S3'!$B:$B,$A$11,'OB History S3'!Z:Z, 1) -> 4
A12: Chopp | B12: - | C12: - | D12: 1 | H12: =SUMIFS('OB History S3'!C:C,'OB History S3'!B:B,A12) -> 205 | I12: =AVERAGEIFS('OB History S3'!C:C,'OB History S3'!B:B,A12) -> 25.625 | J12: {=MAX(IF('OB History S3'!B:B=A12, 'OB History S3'!C:C))} -> 34 | K12: =COUNTIFS('OB History S3'!B:B,A12,'OB History S3'!D:D, 1) -> 6 | L12: =COUNTIFS('OB History S3'!B:B,A12,'OB History S3'!D:D, 0) -> 2 | M12: =LOOKUP(2, 1/('OB History S3'!$B:$B=A12), 'OB History S3'!$AD:$AD) -> 0.75 | N12: =SUMIFS('OB History S3'!F:F,'OB History S3'!B:B,A12) -> 20 | O12: =SUMIFS('OB History S3'!E:E,'OB History S3'!B:B,A12)-N12 -> 15 | P12: =LOOKUP(2, 1/('OB History S3'!$B:$B=A12), 'OB History S3'!$AB:$AB) -> 0.5775 | Q12: =SUMIFS('OB History S3'!H:H,'OB History S3'!B:B,A12) -> 78 | R12: =SUMIFS('OB History S3'!G:G,'OB History S3'!B:B,A12)-Q12 -> 62 | S12: =LOOKUP(2, 1/('OB History S3'!$B:$B=A12), 'OB History S3'!$AC:$AC) -> 0.5675 | T12: =COUNTIFS('OB History S3'!$B:$B,$A$12,'OB History S3'!K:K, 1) -> 3 | U12: =COUNTIFS('OB History S3'!$B:$B,$A$12,'OB History S3'!L:L, 1) -> 1 | V12: =COUNTIFS('OB History S3'!$B:$B,$A$12,'OB History S3'!M:M, 1) -> 1 | W12: =COUNTIFS('OB History S3'!$B:$B,$A$12,'OB History S3'!N:N, 1) -> 2 | X12: =COUNTIFS('OB History S3'!$B:$B,$A$12,'OB History S3'!O:O, 1) -> 1 | Y12: =COUNTIFS('OB History S3'!$B:$B,$A$12,'OB History S3'!P:P, 1) -> 1 | Z12: =COUNTIFS('OB History S3'!$B:$B,$A$12,'OB History S3'!Q:Q, 1) -> 1 | AA12: =COUNTIFS('OB History S3'!$B:$B,$A$12,'OB History S3'!R:R, 1) -> 0 | AB12: =COUNTIFS('OB History S3'!$B:$B,$A$12,'OB History S3'!S:S, 1) -> 0 | AC12: =COUNTIFS('OB History S3'!$B:$B,$A$12,'OB History S3'!T:T, 1) -> 0 | AD12: =COUNTIFS('OB History S3'!$B:$B,$A$12,'OB History S3'!U:U, 1) -> 0 | AE12: =COUNTIFS('OB History S3'!$B:$B,$A$12,'OB History S3'!V:V, 1) -> 0 | AF12: =COUNTIFS('OB History S3'!$B:$B,$A$12,'OB History S3'!W:W, 1) -> 1 | AG12: =COUNTIFS('OB History S3'!$B:$B,$A$12,'OB History S3'!X:X, 1) -> 2 | AH12: =COUNTIFS('OB History S3'!$B:$B,$A$12,'OB History S3'!Y:Y, 1) -> 2 | AI12: =COUNTIFS('OB History S3'!$B:$B,$A$12,'OB History S3'!Z:Z, 1) -> 5
A13: CivilAdam | B13: - | C13: - | D13: 2 | E13: 1 | H13: =SUMIFS('OB History S3'!C:C,'OB History S3'!B:B,A13) -> 815 | I13: =AVERAGEIFS('OB History S3'!C:C,'OB History S3'!B:B,A13) -> 16.3 | J13: {=MAX(IF('OB History S3'!B:B=A13, 'OB History S3'!C:C))} -> 34 | K13: =COUNTIFS('OB History S3'!B:B,A13,'OB History S3'!D:D, 1) -> 34 | L13: =COUNTIFS('OB History S3'!B:B,A13,'OB History S3'!D:D, 0) -> 16 | M13: =LOOKUP(2, 1/('OB History S3'!$B:$B=A13), 'OB History S3'!$AD:$AD) -> 0.68 | N13: =SUMIFS('OB History S3'!F:F,'OB History S3'!B:B,A13) -> 120 | O13: =SUMIFS('OB History S3'!E:E,'OB History S3'!B:B,A13)-N13 -> 83 | P13: =LOOKUP(2, 1/('OB History S3'!$B:$B=A13), 'OB History S3'!$AB:$AB) -> 0.609 | Q13: =SUMIFS('OB History S3'!H:H,'OB History S3'!B:B,A13) -> 462 | R13: =SUMIFS('OB History S3'!G:G,'OB History S3'!B:B,A13)-Q13 -> 383 | S13: =LOOKUP(2, 1/('OB History S3'!$B:$B=A13), 'OB History S3'!$AC:$AC) -> 0.557 | T13: =COUNTIFS('OB History S3'!$B:$B,$A$13,'OB History S3'!K:K, 1) -> 11 | U13: =COUNTIFS('OB History S3'!$B:$B,$A$13,'OB History S3'!L:L, 1) -> 14 | V13: =COUNTIFS('OB History S3'!$B:$B,$A$13,'OB History S3'!M:M, 1) -> 2 | W13: =COUNTIFS('OB History S3'!$B:$B,$A$13,'OB History S3'!N:N, 1) -> 15 | X13: =COUNTIFS('OB History S3'!$B:$B,$A$13,'OB History S3'!O:O, 1) -> 4 | Y13: =COUNTIFS('OB History S3'!$B:$B,$A$13,'OB History S3'!P:P, 1) -> 6 | Z13: =COUNTIFS('OB History S3'!$B:$B,$A$13,'OB History S3'!Q:Q, 1) -> 2 | AA13: =COUNTIFS('OB History S3'!$B:$B,$A$13,'OB History S3'!R:R, 1) -> 5 | AB13: =COUNTIFS('OB History S3'!$B:$B,$A$13,'OB History S3'!S:S, 1) -> 0 | AC13: =COUNTIFS('OB History S3'!$B:$B,$A$13,'OB History S3'!T:T, 1) -> 1 | AD13: =COUNTIFS('OB History S3'!$B:$B,$A$13,'OB History S3'!U:U, 1) -> 1 | AE13: =COUNTIFS('OB History S3'!$B:$B,$A$13,'OB History S3'!V:V, 1) -> 0 | AF13: =COUNTIFS('OB History S3'!$B:$B,$A$13,'OB History S3'!W:W, 1) -> 6 | AG13: =COUNTIFS('OB History S3'!$B:$B,$A$13,'OB History S3'!X:X, 1) -> 20 | AH13: =COUNTIFS('OB History S3'!$B:$B,$A$13,'OB History S3'!Y:Y, 1) -> 18 | AI13: =COUNTIFS('OB History S3'!$B:$B,$A$13,'OB History S3'!Z:Z, 1) -> 14
A14: Crusha | B14: 🏆 | C14: - | H14: =SUMIFS('OB History S3'!C:C,'OB History S3'!B:B,A14) -> 156 | I14: =AVERAGEIFS('OB History S3'!C:C,'OB History S3'!B:B,A14) -> 22.285714 | J14: {=MAX(IF('OB History S3'!B:B=A14, 'OB History S3'!C:C))} -> 27 | K14: =COUNTIFS('OB History S3'!B:B,A14,'OB History S3'!D:D, 1) -> 2 | L14: =COUNTIFS('OB History S3'!B:B,A14,'OB History S3'!D:D, 0) -> 5 | M14: =LOOKUP(2, 1/('OB History S3'!$B:$B=A14), 'OB History S3'!$AD:$AD) -> 0.28571429 | N14: =SUMIFS('OB History S3'!F:F,'OB History S3'!B:B,A14) -> 14 | O14: =SUMIFS('OB History S3'!E:E,'OB History S3'!B:B,A14)-N14 -> 16 | P14: =LOOKUP(2, 1/('OB History S3'!$B:$B=A14), 'OB History S3'!$AB:$AB) -> 0.46857143 | Q14: =SUMIFS('OB History S3'!H:H,'OB History S3'!B:B,A14) -> 64 | R14: =SUMIFS('OB History S3'!G:G,'OB History S3'!B:B,A14)-Q14 -> 56 | S14: =LOOKUP(2, 1/('OB History S3'!$B:$B=A14), 'OB History S3'!$AC:$AC) -> 0.52571429 | T14: =COUNTIFS('OB History S3'!$B:$B,$A$14,'OB History S3'!K:K, 1) -> 0 | U14: =COUNTIFS('OB History S3'!$B:$B,$A$14,'OB History S3'!L:L, 1) -> 2 | V14: =COUNTIFS('OB History S3'!$B:$B,$A$14,'OB History S3'!M:M, 1) -> 0 | W14: =COUNTIFS('OB History S3'!$B:$B,$A$14,'OB History S3'!N:N, 1) -> 0 | X14: =COUNTIFS('OB History S3'!$B:$B,$A$14,'OB History S3'!O:O, 1) -> 0 | Y14: =COUNTIFS('OB History S3'!$B:$B,$A$14,'OB History S3'!P:P, 1) -> 1 | Z14: =COUNTIFS('OB History S3'!$B:$B,$A$14,'OB History S3'!Q:Q, 1) -> 2 | AA14: =COUNTIFS('OB History S3'!$B:$B,$A$14,'OB History S3'!R:R, 1) -> 0 | AB14: =COUNTIFS('OB History S3'!$B:$B,$A$14,'OB History S3'!S:S, 1) -> 2 | AC14: =COUNTIFS('OB History S3'!$B:$B,$A$14,'OB History S3'!T:T, 1) -> 1 | AD14: =COUNTIFS('OB History S3'!$B:$B,$A$14,'OB History S3'!U:U, 1) -> 1 | AE14: =COUNTIFS('OB History S3'!$B:$B,$A$14,'OB History S3'!V:V, 1) -> 0 | AF14: =COUNTIFS('OB History S3'!$B:$B,$A$14,'OB History S3'!W:W, 1) -> 1 | AG14: =COUNTIFS('OB History S3'!$B:$B,$A$14,'OB History S3'!X:X, 1) -> 1 | AH14: =COUNTIFS('OB History S3'!$B:$B,$A$14,'OB History S3'!Y:Y, 1) -> 3 | AI14: =COUNTIFS('OB History S3'!$B:$B,$A$14,'OB History S3'!Z:Z, 1) -> 0
A15: Dave | B15: - | C15: - | H15: =SUMIFS('OB History S3'!C:C,'OB History S3'!B:B,A15) -> 7 | I15: =AVERAGEIFS('OB History S3'!C:C,'OB History S3'!B:B,A15) -> 7 | J15: {=MAX(IF('OB History S3'!B:B=A15, 'OB History S3'!C:C))} -> 7 | K15: =COUNTIFS('OB History S3'!B:B,A15,'OB History S3'!D:D, 1) -> 1 | L15: =COUNTIFS('OB History S3'!B:B,A15,'OB History S3'!D:D, 0) -> 0 | M15: =LOOKUP(2, 1/('OB History S3'!$B:$B=A15), 'OB History S3'!$AD:$AD) -> 1 | N15: =SUMIFS('OB History S3'!F:F,'OB History S3'!B:B,A15) -> 3 | O15: =SUMIFS('OB History S3'!E:E,'OB History S3'!B:B,A15)-N15 -> 2 | P15: =LOOKUP(2, 1/('OB History S3'!$B:$B=A15), 'OB History S3'!$AB:$AB) -> 0.6 | Q15: =SUMIFS('OB History S3'!H:H,'OB History S3'!B:B,A15) -> 11 | R15: =SUMIFS('OB History S3'!G:G,'OB History S3'!B:B,A15)-Q15 -> 10 | S15: =LOOKUP(2, 1/('OB History S3'!$B:$B=A15), 'OB History S3'!$AC:$AC) -> 0.52 | T15: =COUNTIFS('OB History S3'!$B:$B,$A$15,'OB History S3'!K:K, 1) -> 0 | U15: =COUNTIFS('OB History S3'!$B:$B,$A$15,'OB History S3'!L:L, 1) -> 0 | V15: =COUNTIFS('OB History S3'!$B:$B,$A$15,'OB History S3'!M:M, 1) -> 0 | W15: =COUNTIFS('OB History S3'!$B:$B,$A$15,'OB History S3'!N:N, 1) -> 1 | X15: =COUNTIFS('OB History S3'!$B:$B,$A$15,'OB History S3'!O:O, 1) -> 0 | Y15: =COUNTIFS('OB History S3'!$B:$B,$A$15,'OB History S3'!P:P, 1) -> 0 | Z15: =COUNTIFS('OB History S3'!$B:$B,$A$15,'OB History S3'!Q:Q, 1) -> 0 | AA15: =COUNTIFS('OB History S3'!$B:$B,$A$15,'OB History S3'!R:R, 1) -> 1 | AB15: =COUNTIFS('OB History S3'!$B:$B,$A$15,'OB History S3'!S:S, 1) -> 0 | AC15: =COUNTIFS('OB History S3'!$B:$B,$A$15,'OB History S3'!T:T, 1) -> 0 | AD15: =COUNTIFS('OB History S3'!$B:$B,$A$15,'OB History S3'!U:U, 1) -> 0 | AE15: =COUNTIFS('OB History S3'!$B:$B,$A$15,'OB History S3'!V:V, 1) -> 0 | AF15: =COUNTIFS('OB History S3'!$B:$B,$A$15,'OB History S3'!W:W, 1) -> 0 | AG15: =COUNTIFS('OB History S3'!$B:$B,$A$15,'OB History S3'!X:X, 1) -> 1 | AH15: =COUNTIFS('OB History S3'!$B:$B,$A$15,'OB History S3'!Y:Y, 1) -> 0 | AI15: =COUNTIFS('OB History S3'!$B:$B,$A$15,'OB History S3'!Z:Z, 1) -> 0
A16: DevilDuck | B16: - | C16: - | H16: =SUMIFS('OB History S3'!C:C,'OB History S3'!B:B,A16) -> 75 | I16: =AVERAGEIFS('OB History S3'!C:C,'OB History S3'!B:B,A16) -> 15 | J16: {=MAX(IF('OB History S3'!B:B=A16, 'OB History S3'!C:C))} -> 19 | K16: =COUNTIFS('OB History S3'!B:B,A16,'OB History S3'!D:D, 1) -> 2 | L16: =COUNTIFS('OB History S3'!B:B,A16,'OB History S3'!D:D, 0) -> 3 | M16: =LOOKUP(2, 1/('OB History S3'!$B:$B=A16), 'OB History S3'!$AD:$AD) -> 0.4 | N16: =SUMIFS('OB History S3'!F:F,'OB History S3'!B:B,A16) -> 11 | O16: =SUMIFS('OB History S3'!E:E,'OB History S3'!B:B,A16)-N16 -> 11 | P16: =LOOKUP(2, 1/('OB History S3'!$B:$B=A16), 'OB History S3'!$AB:$AB) -> 0.51 | Q16: =SUMIFS('OB History S3'!H:H,'OB History S3'!B:B,A16) -> 50 | R16: =SUMIFS('OB History S3'!G:G,'OB History S3'!B:B,A16)-Q16 -> 44 | S16: =LOOKUP(2, 1/('OB History S3'!$B:$B=A16), 'OB History S3'!$AC:$AC) -> 0.536 | T16: =COUNTIFS('OB History S3'!$B:$B,$A$16,'OB History S3'!K:K, 1) -> 1 | U16: =COUNTIFS('OB History S3'!$B:$B,$A$16,'OB History S3'!L:L, 1) -> 2 | V16: =COUNTIFS('OB History S3'!$B:$B,$A$16,'OB History S3'!M:M, 1) -> 0 | W16: =COUNTIFS('OB History S3'!$B:$B,$A$16,'OB History S3'!N:N, 1) -> 1 | X16: =COUNTIFS('OB History S3'!$B:$B,$A$16,'OB History S3'!O:O, 1) -> 0 | Y16: =COUNTIFS('OB History S3'!$B:$B,$A$16,'OB History S3'!P:P, 1) -> 0 | Z16: =COUNTIFS('OB History S3'!$B:$B,$A$16,'OB History S3'!Q:Q, 1) -> 0 | AA16: =COUNTIFS('OB History S3'!$B:$B,$A$16,'OB History S3'!R:R, 1) -> 0 | AB16: =COUNTIFS('OB History S3'!$B:$B,$A$16,'OB History S3'!S:S, 1) -> 2 | AC16: =COUNTIFS('OB History S3'!$B:$B,$A$16,'OB History S3'!T:T, 1) -> 0 | AD16: =COUNTIFS('OB History S3'!$B:$B,$A$16,'OB History S3'!U:U, 1) -> 1 | AE16: =COUNTIFS('OB History S3'!$B:$B,$A$16,'OB History S3'!V:V, 1) -> 0 | AF16: =COUNTIFS('OB History S3'!$B:$B,$A$16,'OB History S3'!W:W, 1) -> 2 | AG16: =COUNTIFS('OB History S3'!$B:$B,$A$16,'OB History S3'!X:X, 1) -> 2 | AH16: =COUNTIFS('OB History S3'!$B:$B,$A$16,'OB History S3'!Y:Y, 1) -> 0 | AI16: =COUNTIFS('OB History S3'!$B:$B,$A$16,'OB History S3'!Z:Z, 1) -> 0
A17: Dreamz | B17: 🏆 | C17: - | H17: =SUMIFS('OB History S3'!C:C,'OB History S3'!B:B,A17) -> 213 | I17: =AVERAGEIFS('OB History S3'!C:C,'OB History S3'!B:B,A17) -> 15.214286 | J17: {=MAX(IF('OB History S3'!B:B=A17, 'OB History S3'!C:C))} -> 27 | K17: =COUNTIFS('OB History S3'!B:B,A17,'OB History S3'!D:D, 1) -> 8 | L17: =COUNTIFS('OB History S3'!B:B,A17,'OB History S3'!D:D, 0) -> 6 | M17: =LOOKUP(2, 1/('OB History S3'!$B:$B=A17), 'OB History S3'!$AD:$AD) -> 0.57142857 | N17: =SUMIFS('OB History S3'!F:F,'OB History S3'!B:B,A17) -> 30 | O17: =SUMIFS('OB History S3'!E:E,'OB History S3'!B:B,A17)-N17 -> 29 | P17: =LOOKUP(2, 1/('OB History S3'!$B:$B=A17), 'OB History S3'!$AB:$AB) -> 0.49428571 | Q17: =SUMIFS('OB History S3'!H:H,'OB History S3'!B:B,A17) -> 127 | R17: =SUMIFS('OB History S3'!G:G,'OB History S3'!B:B,A17)-Q17 -> 117 | S17: =LOOKUP(2, 1/('OB History S3'!$B:$B=A17), 'OB History S3'!$AC:$AC) -> 0.51428571 | T17: =COUNTIFS('OB History S3'!$B:$B,$A$17,'OB History S3'!K:K, 1) -> 4 | U17: =COUNTIFS('OB History S3'!$B:$B,$A$17,'OB History S3'!L:L, 1) -> 2 | V17: =COUNTIFS('OB History S3'!$B:$B,$A$17,'OB History S3'!M:M, 1) -> 3 | W17: =COUNTIFS('OB History S3'!$B:$B,$A$17,'OB History S3'!N:N, 1) -> 4 | X17: =COUNTIFS('OB History S3'!$B:$B,$A$17,'OB History S3'!O:O, 1) -> 1 | Y17: =COUNTIFS('OB History S3'!$B:$B,$A$17,'OB History S3'!P:P, 1) -> 1 | Z17: =COUNTIFS('OB History S3'!$B:$B,$A$17,'OB History S3'!Q:Q, 1) -> 0 | AA17: =COUNTIFS('OB History S3'!$B:$B,$A$17,'OB History S3'!R:R, 1) -> 1 | AB17: =COUNTIFS('OB History S3'!$B:$B,$A$17,'OB History S3'!S:S, 1) -> 0 | AC17: =COUNTIFS('OB History S3'!$B:$B,$A$17,'OB History S3'!T:T, 1) -> 0 | AD17: =COUNTIFS('OB History S3'!$B:$B,$A$17,'OB History S3'!U:U, 1) -> 0 | AE17: =COUNTIFS('OB History S3'!$B:$B,$A$17,'OB History S3'!V:V, 1) -> 0 | AF17: =COUNTIFS('OB History S3'!$B:$B,$A$17,'OB History S3'!W:W, 1) -> 1 | AG17: =COUNTIFS('OB History S3'!$B:$B,$A$17,'OB History S3'!X:X, 1) -> 3 | AH17: =COUNTIFS('OB History S3'!$B:$B,$A$17,'OB History S3'!Y:Y, 1) -> 5 | AI17: =COUNTIFS('OB History S3'!$B:$B,$A$17,'OB History S3'!Z:Z, 1) -> 5
A18: Driver | B18: 🏆🏆🏆 | C18: - | E18: 2 | H18: =SUMIFS('OB History S3'!C:C,'OB History S3'!B:B,A18) -> 280 | I18: =AVERAGEIFS('OB History S3'!C:C,'OB History S3'!B:B,A18) -> 18.666667 | J18: {=MAX(IF('OB History S3'!B:B=A18, 'OB History S3'!C:C))} -> 28 | K18: =COUNTIFS('OB History S3'!B:B,A18,'OB History S3'!D:D, 1) -> 9 | L18: =COUNTIFS('OB History S3'!B:B,A18,'OB History S3'!D:D, 0) -> 6 | M18: =LOOKUP(2, 1/('OB History S3'!$B:$B=A18), 'OB History S3'!$AD:$AD) -> 0.6 | N18: =SUMIFS('OB History S3'!F:F,'OB History S3'!B:B,A18) -> 36 | O18: =SUMIFS('OB History S3'!E:E,'OB History S3'!B:B,A18)-N18 -> 31 | P18: =LOOKUP(2, 1/('OB History S3'!$B:$B=A18), 'OB History S3'!$AB:$AB) -> 0.542 | Q18: =SUMIFS('OB History S3'!H:H,'OB History S3'!B:B,A18) -> 138 | R18: =SUMIFS('OB History S3'!G:G,'OB History S3'!B:B,A18)-Q18 -> 139 | S18: =LOOKUP(2, 1/('OB History S3'!$B:$B=A18), 'OB History S3'!$AC:$AC) -> 0.50333333 | T18: =COUNTIFS('OB History S3'!$B:$B,$A$18,'OB History S3'!K:K, 1) -> 4 | U18: =COUNTIFS('OB History S3'!$B:$B,$A$18,'OB History S3'!L:L, 1) -> 3 | V18: =COUNTIFS('OB History S3'!$B:$B,$A$18,'OB History S3'!M:M, 1) -> 1 | W18: =COUNTIFS('OB History S3'!$B:$B,$A$18,'OB History S3'!N:N, 1) -> 5 | X18: =COUNTIFS('OB History S3'!$B:$B,$A$18,'OB History S3'!O:O, 1) -> 5 | Y18: =COUNTIFS('OB History S3'!$B:$B,$A$18,'OB History S3'!P:P, 1) -> 2 | Z18: =COUNTIFS('OB History S3'!$B:$B,$A$18,'OB History S3'!Q:Q, 1) -> 1 | AA18: =COUNTIFS('OB History S3'!$B:$B,$A$18,'OB History S3'!R:R, 1) -> 3 | AB18: =COUNTIFS('OB History S3'!$B:$B,$A$18,'OB History S3'!S:S, 1) -> 1 | AC18: =COUNTIFS('OB History S3'!$B:$B,$A$18,'OB History S3'!T:T, 1) -> 0 | AD18: =COUNTIFS('OB History S3'!$B:$B,$A$18,'OB History S3'!U:U, 1) -> 0 | AE18: =COUNTIFS('OB History S3'!$B:$B,$A$18,'OB History S3'!V:V, 1) -> 0 | AF18: =COUNTIFS('OB History S3'!$B:$B,$A$18,'OB History S3'!W:W, 1) -> 2 | AG18: =COUNTIFS('OB History S3'!$B:$B,$A$18,'OB History S3'!X:X, 1) -> 5 | AH18: =COUNTIFS('OB History S3'!$B:$B,$A$18,'OB History S3'!Y:Y, 1) -> 2 | AI18: =COUNTIFS('OB History S3'!$B:$B,$A$18,'OB History S3'!Z:Z, 1) -> 1
A19: Engineer | B19: 🏆🏆 | C19: - | F19: 1 | H19: =SUMIFS('OB History S3'!C:C,'OB History S3'!B:B,A19) -> 250 | I19: =AVERAGEIFS('OB History S3'!C:C,'OB History S3'!B:B,A19) -> 16.666667 | J19: {=MAX(IF('OB History S3'!B:B=A19, 'OB History S3'!C:C))} -> 31 | K19: =COUNTIFS('OB History S3'!B:B,A19,'OB History S3'!D:D, 1) -> 5 | L19: =COUNTIFS('OB History S3'!B:B,A19,'OB History S3'!D:D, 0) -> 10 | M19: =LOOKUP(2, 1/('OB History S3'!$B:$B=A19), 'OB History S3'!$AD:$AD) -> 0.33333333 | N19: =SUMIFS('OB History S3'!F:F,'OB History S3'!B:B,A19) -> 24 | O19: =SUMIFS('OB History S3'!E:E,'OB History S3'!B:B,A19)-N19 -> 36 | P19: =LOOKUP(2, 1/('OB History S3'!$B:$B=A19), 'OB History S3'!$AB:$AB) -> 0.37866667 | Q19: =SUMIFS('OB History S3'!H:H,'OB History S3'!B:B,A19) -> 110 | R19: =SUMIFS('OB History S3'!G:G,'OB History S3'!B:B,A19)-Q19 -> 135 | S19: =LOOKUP(2, 1/('OB History S3'!$B:$B=A19), 'OB History S3'!$AC:$AC) -> 0.43133333 | T19: =COUNTIFS('OB History S3'!$B:$B,$A$19,'OB History S3'!K:K, 1) -> 4 | U19: =COUNTIFS('OB History S3'!$B:$B,$A$19,'OB History S3'!L:L, 1) -> 2 | V19: =COUNTIFS('OB History S3'!$B:$B,$A$19,'OB History S3'!M:M, 1) -> 0 | W19: =COUNTIFS('OB History S3'!$B:$B,$A$19,'OB History S3'!N:N, 1) -> 2 | X19: =COUNTIFS('OB History S3'!$B:$B,$A$19,'OB History S3'!O:O, 1) -> 1 | Y19: =COUNTIFS('OB History S3'!$B:$B,$A$19,'OB History S3'!P:P, 1) -> 1 | Z19: =COUNTIFS('OB History S3'!$B:$B,$A$19,'OB History S3'!Q:Q, 1) -> 0 | AA19: =COUNTIFS('OB History S3'!$B:$B,$A$19,'OB History S3'!R:R, 1) -> 0 | AB19: =COUNTIFS('OB History S3'!$B:$B,$A$19,'OB History S3'!S:S, 1) -> 0 | AC19: =COUNTIFS('OB History S3'!$B:$B,$A$19,'OB History S3'!T:T, 1) -> 0 | AD19: =COUNTIFS('OB History S3'!$B:$B,$A$19,'OB History S3'!U:U, 1) -> 0 | AE19: =COUNTIFS('OB History S3'!$B:$B,$A$19,'OB History S3'!V:V, 1) -> 0 | AF19: =COUNTIFS('OB History S3'!$B:$B,$A$19,'OB History S3'!W:W, 1) -> 2 | AG19: =COUNTIFS('OB History S3'!$B:$B,$A$19,'OB History S3'!X:X, 1) -> 4 | AH19: =COUNTIFS('OB History S3'!$B:$B,$A$19,'OB History S3'!Y:Y, 1) -> 3 | AI19: =COUNTIFS('OB History S3'!$B:$B,$A$19,'OB History S3'!Z:Z, 1) -> 5
A20: EtchV | B20: - | C20: - | H20: =SUMIFS('OB History S3'!C:C,'OB History S3'!B:B,A20) -> 117 | I20: =AVERAGEIFS('OB History S3'!C:C,'OB History S3'!B:B,A20) -> 16.714286 | J20: {=MAX(IF('OB History S3'!B:B=A20, 'OB History S3'!C:C))} -> 33 | K20: =COUNTIFS('OB History S3'!B:B,A20,'OB History S3'!D:D, 1) -> 5 | L20: =COUNTIFS('OB History S3'!B:B,A20,'OB History S3'!D:D, 0) -> 2 | M20: =LOOKUP(2, 1/('OB History S3'!$B:$B=A20), 'OB History S3'!$AD:$AD) -> 0.71428571 | N20: =SUMIFS('OB History S3'!F:F,'OB History S3'!B:B,A20) -> 15 | O20: =SUMIFS('OB History S3'!E:E,'OB History S3'!B:B,A20)-N20 -> 11 | P20: =LOOKUP(2, 1/('OB History S3'!$B:$B=A20), 'OB History S3'!$AB:$AB) -> 0.56 | Q20: =SUMIFS('OB History S3'!H:H,'OB History S3'!B:B,A20) -> 61 | R20: =SUMIFS('OB History S3'!G:G,'OB History S3'!B:B,A20)-Q20 -> 48 | S20: =LOOKUP(2, 1/('OB History S3'!$B:$B=A20), 'OB History S3'!$AC:$AC) -> 0.54571429 | T20: =COUNTIFS('OB History S3'!$B:$B,$A$20,'OB History S3'!K:K, 1) -> 2 | U20: =COUNTIFS('OB History S3'!$B:$B,$A$20,'OB History S3'!L:L, 1) -> 2 | V20: =COUNTIFS('OB History S3'!$B:$B,$A$20,'OB History S3'!M:M, 1) -> 1 | W20: =COUNTIFS('OB History S3'!$B:$B,$A$20,'OB History S3'!N:N, 1) -> 2 | X20: =COUNTIFS('OB History S3'!$B:$B,$A$20,'OB History S3'!O:O, 1) -> 0 | Y20: =COUNTIFS('OB History S3'!$B:$B,$A$20,'OB History S3'!P:P, 1) -> 0 | Z20: =COUNTIFS('OB History S3'!$B:$B,$A$20,'OB History S3'!Q:Q, 1) -> 1 | AA20: =COUNTIFS('OB History S3'!$B:$B,$A$20,'OB History S3'!R:R, 1) -> 0 | AB20: =COUNTIFS('OB History S3'!$B:$B,$A$20,'OB History S3'!S:S, 1) -> 0 | AC20: =COUNTIFS('OB History S3'!$B:$B,$A$20,'OB History S3'!T:T, 1) -> 0 | AD20: =COUNTIFS('OB History S3'!$B:$B,$A$20,'OB History S3'!U:U, 1) -> 0 | AE20: =COUNTIFS('OB History S3'!$B:$B,$A$20,'OB History S3'!V:V, 1) -> 0 | AF20: =COUNTIFS('OB History S3'!$B:$B,$A$20,'OB History S3'!W:W, 1) -> 1 | AG20: =COUNTIFS('OB History S3'!$B:$B,$A$20,'OB History S3'!X:X, 1) -> 3 | AH20: =COUNTIFS('OB History S3'!$B:$B,$A$20,'OB History S3'!Y:Y, 1) -> 1 | AI20: =COUNTIFS('OB History S3'!$B:$B,$A$20,'OB History S3'!Z:Z, 1) -> 2
A21: Faded | B21: - | C21: - | H21: =SUMIFS('OB History S3'!C:C,'OB History S3'!B:B,A21) -> 11 | I21: =AVERAGEIFS('OB History S3'!C:C,'OB History S3'!B:B,A21) -> 2.75 | J21: {=MAX(IF('OB History S3'!B:B=A21, 'OB History S3'!C:C))} -> 8 | K21: =COUNTIFS('OB History S3'!B:B,A21,'OB History S3'!D:D, 1) -> 4 | L21: =COUNTIFS('OB History S3'!B:B,A21,'OB History S3'!D:D, 0) -> 0 | M21: =LOOKUP(2, 1/('OB History S3'!$B:$B=A21), 'OB History S3'!$AD:$AD) -> 1 | N21: =SUMIFS('OB History S3'!F:F,'OB History S3'!B:B,A21) -> 12 | O21: =SUMIFS('OB History S3'!E:E,'OB History S3'!B:B,A21)-N21 -> 4 | P21: =LOOKUP(2, 1/('OB History S3'!$B:$B=A21), 'OB History S3'!$AB:$AB) -> 0.775 | Q21: =SUMIFS('OB History S3'!H:H,'OB History S3'!B:B,A21) -> 39 | R21: =SUMIFS('OB History S3'!G:G,'OB History S3'!B:B,A21)-Q21 -> 24 | S21: =LOOKUP(2, 1/('OB History S3'!$B:$B=A21), 'OB History S3'!$AC:$AC) -> 0.6325 | T21: =COUNTIFS('OB History S3'!$B:$B,$A$21,'OB History S3'!K:K, 1) -> 1 | U21: =COUNTIFS('OB History S3'!$B:$B,$A$21,'OB History S3'!L:L, 1) -> 2 | V21: =COUNTIFS('OB History S3'!$B:$B,$A$21,'OB History S3'!M:M, 1) -> 0 | W21: =COUNTIFS('OB History S3'!$B:$B,$A$21,'OB History S3'!N:N, 1) -> 3 | X21: =COUNTIFS('OB History S3'!$B:$B,$A$21,'OB History S3'!O:O, 1) -> 0 | Y21: =COUNTIFS('OB History S3'!$B:$B,$A$21,'OB History S3'!P:P, 1) -> 0 | Z21: =COUNTIFS('OB History S3'!$B:$B,$A$21,'OB History S3'!Q:Q, 1) -> 1 | AA21: =COUNTIFS('OB History S3'!$B:$B,$A$21,'OB History S3'!R:R, 1) -> 1 | AB21: =COUNTIFS('OB History S3'!$B:$B,$A$21,'OB History S3'!S:S, 1) -> 0 | AC21: =COUNTIFS('OB History S3'!$B:$B,$A$21,'OB History S3'!T:T, 1) -> 0 | AD21: =COUNTIFS('OB History S3'!$B:$B,$A$21,'OB History S3'!U:U, 1) -> 0 | AE21: =COUNTIFS('OB History S3'!$B:$B,$A$21,'OB History S3'!V:V, 1) -> 0 | AF21: =COUNTIFS('OB History S3'!$B:$B,$A$21,'OB History S3'!W:W, 1) -> 0 | AG21: =COUNTIFS('OB History S3'!$B:$B,$A$21,'OB History S3'!X:X, 1) -> 1 | AH21: =COUNTIFS('OB History S3'!$B:$B,$A$21,'OB History S3'!Y:Y, 1) -> 2 | AI21: =COUNTIFS('OB History S3'!$B:$B,$A$21,'OB History S3'!Z:Z, 1) -> 1
A22: Focus | B22: - | C22: - | H22: =SUMIFS('OB History S3'!C:C,'OB History S3'!B:B,A22) -> 6 | I22: =AVERAGEIFS('OB History S3'!C:C,'OB History S3'!B:B,A22) -> 6 | J22: {=MAX(IF('OB History S3'!B:B=A22, 'OB History S3'!C:C))} -> 6 | K22: =COUNTIFS('OB History S3'!B:B,A22,'OB History S3'!D:D, 1) -> 0 | L22: =COUNTIFS('OB History S3'!B:B,A22,'OB History S3'!D:D, 0) -> 1 | M22: =LOOKUP(2, 1/('OB History S3'!$B:$B=A22), 'OB History S3'!$AD:$AD) -> 0 | N22: =SUMIFS('OB History S3'!F:F,'OB History S3'!B:B,A22) -> 1 | O22: =SUMIFS('OB History S3'!E:E,'OB History S3'!B:B,A22)-N22 -> 3 | P22: =LOOKUP(2, 1/('OB History S3'!$B:$B=A22), 'OB History S3'!$AB:$AB) -> 0.25 | Q22: =SUMIFS('OB History S3'!H:H,'OB History S3'!B:B,A22) -> 6 | R22: =SUMIFS('OB History S3'!G:G,'OB History S3'!B:B,A22)-Q22 -> 11 | S22: =LOOKUP(2, 1/('OB History S3'!$B:$B=A22), 'OB History S3'!$AC:$AC) -> 0.35 | T22: =COUNTIFS('OB History S3'!$B:$B,$A$22,'OB History S3'!K:K, 1) -> 0 | U22: =COUNTIFS('OB History S3'!$B:$B,$A$22,'OB History S3'!L:L, 1) -> 0 | V22: =COUNTIFS('OB History S3'!$B:$B,$A$22,'OB History S3'!M:M, 1) -> 1 | W22: =COUNTIFS('OB History S3'!$B:$B,$A$22,'OB History S3'!N:N, 1) -> 0 | X22: =COUNTIFS('OB History S3'!$B:$B,$A$22,'OB History S3'!O:O, 1) -> 0 | Y22: =COUNTIFS('OB History S3'!$B:$B,$A$22,'OB History S3'!P:P, 1) -> 0 | Z22: =COUNTIFS('OB History S3'!$B:$B,$A$22,'OB History S3'!Q:Q, 1) -> 0 | AA22: =COUNTIFS('OB History S3'!$B:$B,$A$22,'OB History S3'!R:R, 1) -> 0 | AB22: =COUNTIFS('OB History S3'!$B:$B,$A$22,'OB History S3'!S:S, 1) -> 0 | AC22: =COUNTIFS('OB History S3'!$B:$B,$A$22,'OB History S3'!T:T, 1) -> 0 | AD22: =COUNTIFS('OB History S3'!$B:$B,$A$22,'OB History S3'!U:U, 1) -> 0 | AE22: =COUNTIFS('OB History S3'!$B:$B,$A$22,'OB History S3'!V:V, 1) -> 0 | AF22: =COUNTIFS('OB History S3'!$B:$B,$A$22,'OB History S3'!W:W, 1) -> 0 | AG22: =COUNTIFS('OB History S3'!$B:$B,$A$22,'OB History S3'!X:X, 1) -> 0 | AH22: =COUNTIFS('OB History S3'!$B:$B,$A$22,'OB History S3'!Y:Y, 1) -> 0 | AI22: =COUNTIFS('OB History S3'!$B:$B,$A$22,'OB History S3'!Z:Z, 1) -> 0
